{
  "api": {
    "by_kind": {
      "class": 59,
      "constant": 0,
      "function": 82,
      "method": 321
    },
    "index_path": "/tmp/leitir-remediation-20260905/release-evidence/ci-33964007155-validation/corpus-sdist/api/github.com/pypa/packaging/85442b8032cb7bae72866dfd7782234a98dd2fb7/index.json",
    "method": "ast",
    "symbols": 462,
    "top_symbols": [
      {
        "docstring": null,
        "kind": "class",
        "line": 23,
        "name": "EIClass",
        "path": "src/packaging/_elffile.py",
        "qualified_name": "src.packaging._elffile.EIClass",
        "signature": "(enum.IntEnum)"
      },
      {
        "docstring": null,
        "kind": "class",
        "line": 28,
        "name": "EIData",
        "path": "src/packaging/_elffile.py",
        "qualified_name": "src.packaging._elffile.EIData",
        "signature": "(enum.IntEnum)"
      },
      {
        "docstring": "Representation of an ELF executable.",
        "kind": "class",
        "line": 41,
        "name": "ELFFile",
        "path": "src/packaging/_elffile.py",
        "qualified_name": "src.packaging._elffile.ELFFile",
        "signature": "()"
      },
      {
        "docstring": null,
        "kind": "class",
        "line": 19,
        "name": "ELFInvalid",
        "path": "src/packaging/_elffile.py",
        "qualified_name": "src.packaging._elffile.ELFInvalid",
        "signature": "(ValueError)"
      },
      {
        "docstring": null,
        "kind": "class",
        "line": 33,
        "name": "EMachine",
        "path": "src/packaging/_elffile.py",
        "qualified_name": "src.packaging._elffile.EMachine",
        "signature": "(enum.IntEnum)"
      },
      {
        "docstring": null,
        "kind": "class",
        "line": 15,
        "name": "Node",
        "path": "src/packaging/_parser.py",
        "qualified_name": "src.packaging._parser.Node",
        "signature": "()"
      },
      {
        "docstring": null,
        "kind": "class",
        "line": 39,
        "name": "Op",
        "path": "src/packaging/_parser.py",
        "qualified_name": "src.packaging._parser.Op",
        "signature": "(Node)"
      },
      {
        "docstring": null,
        "kind": "class",
        "line": 50,
        "name": "ParsedRequirement",
        "path": "src/packaging/_parser.py",
        "qualified_name": "src.packaging._parser.ParsedRequirement",
        "signature": "(NamedTuple)"
      },
      {
        "docstring": null,
        "kind": "class",
        "line": 34,
        "name": "Value",
        "path": "src/packaging/_parser.py",
        "qualified_name": "src.packaging._parser.Value",
        "signature": "(Node)"
      },
      {
        "docstring": null,
        "kind": "class",
        "line": 29,
        "name": "Variable",
        "path": "src/packaging/_parser.py",
        "qualified_name": "src.packaging._parser.Variable",
        "signature": "(Node)"
      },
      {
        "docstring": null,
        "kind": "class",
        "line": 6,
        "name": "InfinityType",
        "path": "src/packaging/_structures.py",
        "qualified_name": "src.packaging._structures.InfinityType",
        "signature": "()"
      },
      {
        "docstring": null,
        "kind": "class",
        "line": 35,
        "name": "NegativeInfinityType",
        "path": "src/packaging/_structures.py",
        "qualified_name": "src.packaging._structures.NegativeInfinityType",
        "signature": "()"
      },
      {
        "docstring": "The provided source text could not be parsed correctly.",
        "kind": "class",
        "line": 18,
        "name": "ParserSyntaxError",
        "path": "src/packaging/_tokenizer.py",
        "qualified_name": "src.packaging._tokenizer.ParserSyntaxError",
        "signature": "(Exception)"
      },
      {
        "docstring": null,
        "kind": "class",
        "line": 12,
        "name": "Token",
        "path": "src/packaging/_tokenizer.py",
        "qualified_name": "src.packaging._tokenizer.Token",
        "signature": "()"
      },
      {
        "docstring": "Context-sensitive token parsing.\n\nProvides methods to examine the input stream to check whether the next token\nmatches.",
        "kind": "class",
        "line": 90,
        "name": "Tokenizer",
        "path": "src/packaging/_tokenizer.py",
        "qualified_name": "src.packaging._tokenizer.Tokenizer",
        "signature": "()"
      },
      {
        "docstring": null,
        "kind": "class",
        "line": 49,
        "name": "Environment",
        "path": "src/packaging/markers.py",
        "qualified_name": "src.packaging.markers.Environment",
        "signature": "(TypedDict)"
      },
      {
        "docstring": "An invalid marker was found, users should refer to PEP 508.",
        "kind": "class",
        "line": 30,
        "name": "InvalidMarker",
        "path": "src/packaging/markers.py",
        "qualified_name": "src.packaging.markers.InvalidMarker",
        "signature": "(ValueError)"
      },
      {
        "docstring": null,
        "kind": "class",
        "line": 260,
        "name": "Marker",
        "path": "src/packaging/markers.py",
        "qualified_name": "src.packaging.markers.Marker",
        "signature": "()"
      },
      {
        "docstring": "An invalid operation was attempted on a value that doesn't support it.",
        "kind": "class",
        "line": 36,
        "name": "UndefinedComparison",
        "path": "src/packaging/markers.py",
        "qualified_name": "src.packaging.markers.UndefinedComparison",
        "signature": "(ValueError)"
      },
      {
        "docstring": "A name was attempted to be used that does not exist inside of the\nenvironment.",
        "kind": "class",
        "line": 42,
        "name": "UndefinedEnvironmentName",
        "path": "src/packaging/markers.py",
        "qualified_name": "src.packaging.markers.UndefinedEnvironmentName",
        "signature": "(ValueError)"
      },
      {
        "docstring": "A metadata field contains invalid data.",
        "kind": "class",
        "line": 49,
        "name": "InvalidMetadata",
        "path": "src/packaging/metadata.py",
        "qualified_name": "src.packaging.metadata.InvalidMetadata",
        "signature": "(ValueError)"
      },
      {
        "docstring": "Representation of distribution metadata.\n\nCompared to :class:`RawMetadata`, this class provides objects representing\nmetadata fields instead of only using built-in types. Any invalid metadata\nwill cause :exc:`InvalidMetadata` to be raised (with a\n:py:attr:`~BaseException.__cause__` attribute as appropriate).",
        "kind": "class",
        "line": 637,
        "name": "Metadata",
        "path": "src/packaging/metadata.py",
        "qualified_name": "src.packaging.metadata.Metadata",
        "signature": "()"
      },
      {
        "docstring": "A dictionary of raw core metadata.\n\nEach field in core metadata maps to a key of this dictionary (when data is\nprovided). The key is lower-case and underscores are used instead of dashes\ncompared to the equivalent core metadata field. Any core metadata field that\ncan be specified multiple times or can hold multiple values in a single\nfield have a key with a plural name. See :class:`Metadata` whose attributes\nmatch the keys of this dictionary.\n\nCore metadata fields that can be specified multiple times are stored as a\nlist or dict depending on which is appropriate for the field. Any fields\nwhich hold multiple values in a single field are stored as a list.",
        "kind": "class",
        "line": 64,
        "name": "RawMetadata",
        "path": "src/packaging/metadata.py",
        "qualified_name": "src.packaging.metadata.RawMetadata",
        "signature": "(TypedDict, total=False)"
      },
      {
        "docstring": "An invalid requirement was found, users should refer to PEP 508.",
        "kind": "class",
        "line": 15,
        "name": "InvalidRequirement",
        "path": "src/packaging/requirements.py",
        "qualified_name": "src.packaging.requirements.InvalidRequirement",
        "signature": "(ValueError)"
      },
      {
        "docstring": "Parse a requirement.\n\nParse a given requirement string into its parts, such as name, specifier,\nURL, and extras. Raises InvalidRequirement on a badly-formed requirement\nstring.",
        "kind": "class",
        "line": 21,
        "name": "Requirement",
        "path": "src/packaging/requirements.py",
        "qualified_name": "src.packaging.requirements.Requirement",
        "signature": "()"
      },
      {
        "docstring": null,
        "kind": "class",
        "line": 44,
        "name": "BaseSpecifier",
        "path": "src/packaging/specifiers.py",
        "qualified_name": "src.packaging.specifiers.BaseSpecifier",
        "signature": "(metaclass=abc.ABCMeta)"
      },
      {
        "docstring": "Raised when attempting to create a :class:`Specifier` with a specifier\nstring that is invalid.\n\n>>> Specifier(\"lolwat\")\nTraceback (most recent call last):\n    ...\npackaging.specifiers.InvalidSpecifier: Invalid specifier: 'lolwat'",
        "kind": "class",
        "line": 32,
        "name": "InvalidSpecifier",
        "path": "src/packaging/specifiers.py",
        "qualified_name": "src.packaging.specifiers.InvalidSpecifier",
        "signature": "(ValueError)"
      },
      {
        "docstring": "This class abstracts handling of version specifiers.\n\n.. tip::\n\n    It is generally not required to instantiate this manually. You should instead\n    prefer to work with :class:`SpecifierSet` instead, which can parse\n    comma-separated version specifiers (which is what package metadata contains).",
        "kind": "class",
        "line": 99,
        "name": "Specifier",
        "path": "src/packaging/specifiers.py",
        "qualified_name": "src.packaging.specifiers.Specifier",
        "signature": "(BaseSpecifier)"
      },
      {
        "docstring": "This class abstracts handling of a set of version specifiers.\n\nIt can be passed a single specifier (``>=3.0``), a comma-separated list of\nspecifiers (``>=3.0,!=3.1``), or no specifier at all.",
        "kind": "class",
        "line": 690,
        "name": "SpecifierSet",
        "path": "src/packaging/specifiers.py",
        "qualified_name": "src.packaging.specifiers.SpecifierSet",
        "signature": "(BaseSpecifier)"
      },
      {
        "docstring": "A representation of the tag triple for a wheel.\n\nInstances are considered immutable and thus are hashable. Equality checking\nis also supported.",
        "kind": "class",
        "line": 42,
        "name": "Tag",
        "path": "src/packaging/tags.py",
        "qualified_name": "src.packaging.tags.Tag",
        "signature": "()"
      },
      {
        "docstring": "An invalid distribution name; users should refer to the packaging user guide.",
        "kind": "class",
        "line": 17,
        "name": "InvalidName",
        "path": "src/packaging/utils.py",
        "qualified_name": "src.packaging.utils.InvalidName",
        "signature": "(ValueError)"
      },
      {
        "docstring": "An invalid sdist filename was found, users should refer to the packaging user guide.",
        "kind": "class",
        "line": 29,
        "name": "InvalidSdistFilename",
        "path": "src/packaging/utils.py",
        "qualified_name": "src.packaging.utils.InvalidSdistFilename",
        "signature": "(ValueError)"
      },
      {
        "docstring": "An invalid wheel filename was found, users should refer to PEP 427.",
        "kind": "class",
        "line": 23,
        "name": "InvalidWheelFilename",
        "path": "src/packaging/utils.py",
        "qualified_name": "src.packaging.utils.InvalidWheelFilename",
        "signature": "(ValueError)"
      },
      {
        "docstring": "Raised when a version string is not a valid version.\n\n>>> Version(\"invalid\")\nTraceback (most recent call last):\n    ...\npackaging.version.InvalidVersion: Invalid version: 'invalid'",
        "kind": "class",
        "line": 59,
        "name": "InvalidVersion",
        "path": "src/packaging/version.py",
        "qualified_name": "src.packaging.version.InvalidVersion",
        "signature": "(ValueError)"
      },
      {
        "docstring": "This class abstracts handling of a project's versions.\n\nA :class:`Version` instance is comparison aware and can be compared and\nsorted using the standard Python interfaces.\n\n>>> v1 = Version(\"1.0a5\")\n>>> v2 = Version(\"1.0\")\n>>> v1\n<Version('1.0a5')>\n>>> v2\n<Version('1.0')>\n>>> v1 < v2\nTrue\n>>> v1 == v2\nFalse\n>>> v1 > v2\nFalse\n>>> v1 >= v2\nFalse\n>>> v1 <= v2\nTrue",
        "kind": "class",
        "line": 161,
        "name": "Version",
        "path": "src/packaging/version.py",
        "qualified_name": "src.packaging.version.Version",
        "signature": "(_BaseVersion)"
      },
      {
        "docstring": null,
        "kind": "class",
        "line": 102,
        "name": "TestDefaultEnvironment",
        "path": "tests/test_markers.py",
        "qualified_name": "tests.test_markers.TestDefaultEnvironment",
        "signature": "()"
      },
      {
        "docstring": null,
        "kind": "class",
        "line": 149,
        "name": "TestMarker",
        "path": "tests/test_markers.py",
        "qualified_name": "tests.test_markers.TestMarker",
        "signature": "()"
      },
      {
        "docstring": null,
        "kind": "class",
        "line": 62,
        "name": "TestNode",
        "path": "tests/test_markers.py",
        "qualified_name": "tests.test_markers.TestNode",
        "signature": "()"
      },
      {
        "docstring": null,
        "kind": "class",
        "line": 80,
        "name": "TestOperatorEvaluation",
        "path": "tests/test_markers.py",
        "qualified_name": "tests.test_markers.TestOperatorEvaluation",
        "signature": "()"
      },
      {
        "docstring": null,
        "kind": "class",
        "line": 249,
        "name": "TestExceptionGroup",
        "path": "tests/test_metadata.py",
        "qualified_name": "tests.test_metadata.TestExceptionGroup",
        "signature": "()"
      },
      {
        "docstring": null,
        "kind": "class",
        "line": 269,
        "name": "TestMetadata",
        "path": "tests/test_metadata.py",
        "qualified_name": "tests.test_metadata.TestMetadata",
        "signature": "()"
      },
      {
        "docstring": null,
        "kind": "class",
        "line": 9,
        "name": "TestRawMetadata",
        "path": "tests/test_metadata.py",
        "qualified_name": "tests.test_metadata.TestRawMetadata",
        "signature": "()"
      },
      {
        "docstring": null,
        "kind": "class",
        "line": 578,
        "name": "TestRequirementBehaviour",
        "path": "tests/test_requirements.py",
        "qualified_name": "tests.test_requirements.TestRequirementBehaviour",
        "signature": "()"
      },
      {
        "docstring": null,
        "kind": "class",
        "line": 148,
        "name": "TestRequirementParsing",
        "path": "tests/test_requirements.py",
        "qualified_name": "tests.test_requirements.TestRequirementParsing",
        "signature": "()"
      },
      {
        "docstring": null,
        "kind": "class",
        "line": 37,
        "name": "TestSpecifier",
        "path": "tests/test_specifiers.py",
        "qualified_name": "tests.test_specifiers.TestSpecifier",
        "signature": "()"
      },
      {
        "docstring": null,
        "kind": "class",
        "line": 643,
        "name": "TestSpecifierSet",
        "path": "tests/test_specifiers.py",
        "qualified_name": "tests.test_specifiers.TestSpecifierSet",
        "signature": "()"
      },
      {
        "docstring": null,
        "kind": "class",
        "line": 1368,
        "name": "TestBitness",
        "path": "tests/test_tags.py",
        "qualified_name": "tests.test_tags.TestBitness",
        "signature": "()"
      },
      {
        "docstring": null,
        "kind": "class",
        "line": 642,
        "name": "TestCPythonABI",
        "path": "tests/test_tags.py",
        "qualified_name": "tests.test_tags.TestCPythonABI",
        "signature": "()"
      },
      {
        "docstring": null,
        "kind": "class",
        "line": 705,
        "name": "TestCPythonTags",
        "path": "tests/test_tags.py",
        "qualified_name": "tests.test_tags.TestCPythonTags",
        "signature": "()"
      },
      {
        "docstring": null,
        "kind": "class",
        "line": 1014,
        "name": "TestCompatibleTags",
        "path": "tests/test_tags.py",
        "qualified_name": "tests.test_tags.TestCompatibleTags",
        "signature": "()"
      }
    ]
  },
  "examples": {
    "count": 10,
    "index_path": "/tmp/leitir-remediation-20260905/release-evidence/ci-33964007155-validation/corpus-sdist/examples/github.com/pypa/packaging/85442b8032cb7bae72866dfd7782234a98dd2fb7/index.json",
    "top": [
      {
        "code": "# This file is dual licensed under the terms of the Apache License, Version\n# 2.0, and the BSD License. See the LICENSE file in the root of this repository\n# for complete details.\n\n\nimport collections.abc\nimport subprocess\n\ntry:\n    import ctypes\nexcept ImportError:\n    ctypes = None\nimport importlib\nimport os\nimport pathlib\nimport platform\nimport struct\nimport sys\nimport sysconfig\nimport types\n\nimport pretend\nimport pytest\n\nfrom packaging import tags\nfrom packaging._manylinux import _GLibCVersion\nfrom packaging._musllinux import _MuslVersion\n\n\n@pytest.fixture\ndef example_tag():\n    return tags.Tag(\"py3\", \"none\", \"any\")\n\n\n@pytest.fixture\ndef manylinux_module(monkeypatch):\n    monkeypatch.setattr(tags._manylinux, \"_get_glibc_version\", lambda *args: (2, 20))\n    module_name = \"_manylinux\"\n    module = types.ModuleType(module_name)\n    monkeypatch.setitem(sys.modules, module_name, module)\n    return module\n\n\n@pytest.fixture\ndef mock_interpreter_name(monkeypatch):\n    def mock(name):\n        name = name.lower()\n        if sys.implementation.name != name:\n            monkeypatch.setattr(sys.implementation, \"name\", name)\n            return True\n        return False\n\n    return mock\n\n\nclass TestTag:\n    def test_lowercasing(self):\n        tag = tags.Tag(\"PY3\", \"None\", \"ANY\")\n        assert tag.interpreter == \"py3\"\n        assert tag.abi == \"none\"\n        assert tag.platform == \"any\"\n\n    def test_equality(self):\n        args = \"py3\", \"none\", \"any\"\n        assert tags.Tag(*args) == tags.Tag(*args)\n\n    def test_equality_fails_with_non_tag(self):\n        assert not tags.Tag(\"py3\", \"none\", \"any\") == \"non-tag\"\n\n    def test_hashing(self, example_tag):\n        tags = {example_tag}  # Should not raise TypeError.\n        assert example_tag in tags\n\n    def test_hash_equality(self, example_tag):\n        equal_tag = tags.Tag(\"py3\", \"none\", \"any\")\n        assert example_tag == equal_tag  # Sanity check.\n        assert example_tag.__hash__() == equal_tag.__hash__()\n\n    def test_str(self, example_tag):\n        assert str(example_tag) == \"py3-none-any\"\n\n    def test_repr(self, example_tag):\n        assert repr(example_tag) == \"<py3-none-any @ {tag_id}>\".format(\n            tag_id=id(example_tag)\n        )\n\n    def test_attribute_access(self, example_tag):\n        assert example_tag.interpreter == \"py3\"\n        assert example_tag.abi == \"none\"\n        assert example_tag.platform == \"any\"\n\n\nclass TestParseTag:\n    def test_simple(self, example_tag):\n        parsed_tags = tags.parse_tag(str(example_tag))\n        assert parsed_tags == {example_tag}\n\n    def test_multi_interpreter(self, example_tag):\n        expected = {example_tag, tags.Tag(\"py2\", \"none\", \"any\")}\n        given = tags.parse_tag(\"py2.py3-none-any\")\n        assert given == expected\n\n    def test_multi_platform(self):\n        expected = {\n            tags.Tag(\"cp37\", \"cp37m\", platform)\n            for platform in (\n                \"macosx_10_6_intel\",\n                \"macosx_10_9_intel\",\n                \"macosx_10_9_x86_64\",\n                \"macosx_10_10_intel\",\n                \"macosx_10_10_x86_64\",\n            )\n        }\n        given = tags.parse_tag(\n            \"cp37-cp37m-macosx_10_6_intel.macosx_10_9_intel.macosx_10_9_x86_64.\"\n            \"macosx_10_10_intel.macosx_10_10_x86_64\"\n        )\n        assert given == expected\n\n\nclass TestInterpreterName:\n    def test_sys_implementation_name(self, monkeypatch):\n        class MockImplementation:\n            pass\n\n        mock_implementation = MockImplementation()\n        mock_implementation.name = \"sillywalk\"\n        monkeypatch.setattr(sys, \"implementation\", mock_implementation, raising=False)\n        assert tags.interpreter_name() == \"sillywalk\"\n\n    def test_interpreter_short_names(self, mock_interpreter_name, monkeypatch):\n        mock_interpreter_name(\"cpython\")\n        assert tags.interpreter_name() == \"cp\"\n\n\nclass TestInterpreterVersion:\n    def test_warn(self, monkeypatch):\n        class MockConfigVar:\n            def __init__(self, return_):\n                self.warn = None\n                self._return = return_\n\n            def __call__(self, name, warn):\n                self.warn = warn\n                return self._return\n\n        mock_config_var = MockConfigVar(\"38\")\n        monkeypatch.setattr(tags, \"_get_config_var\", mock_config_var)\n        tags.interpreter_version(warn=True)\n        assert mock_config_var.warn\n\n    def test_python_version_nodot(self, monkeypatch):\n        monkeypatch.setattr(tags, \"_get_config_var\", lambda var, warn: \"NN\")\n        assert tags.interpreter_version() == \"NN\"\n\n    @pytest.mark.parametrize(\n        \"version_info,version_str\",\n        [\n            ((1, 2, 3), \"12\"),\n            ((1, 12, 3), \"112\"),\n            ((11, 2, 3), \"112\"),\n            ((11, 12, 3), \"1112\"),\n            ((1, 2, 13), \"12\"),\n        ],\n    )\n    def test_sys_version_info(self, version_info, version_str, monkeypatch):\n        monkeypatch.setattr(tags, \"_get_config_var\", lambda *args, **kwargs: None)\n        monkeypatch.setattr(sys, \"version_info\", version_info)\n        assert tags.interpreter_version() == version_str\n\n\nclass TestMacOSPlatforms:\n    @pytest.mark.parametrize(\n        \"arch, is_32bit, expected\",\n        [\n            (\"i386\", True, \"i386\"),\n            (\"ppc\", True, \"ppc\"),\n            (\"x86_64\", False, \"x86_64\"),\n            (\"x86_64\", True, \"i386\"),\n            (\"ppc64\", False, \"ppc64\"),\n            (\"ppc64\", True, \"ppc\"),\n        ],\n    )\n    def test_architectures(self, arch, is_32bit, expected):\n        assert tags._mac_arch(arch, is_32bit=is_32bit) == expected\n\n    @pytest.mark.parametrize(\n        \"version,arch,expected\",\n        [\n            (\n                (10, 15),\n                \"x86_64\",\n                [\"x86_64\", \"intel\", \"fat64\", \"fat32\", \"universal2\", \"universal\"],\n            ),\n            (\n                (10, 4),\n                \"x86_64\",\n                [\"x86_64\", \"intel\", \"fat64\", \"fat32\", \"universal2\", \"universal\"],\n            ),\n            ((10, 3), \"x86_64\", []),\n            ((10, 15), \"i386\", [\"i386\", \"intel\", \"fat32\", \"fat\", \"universal\"]),\n            ((10, 4), \"i386\", [\"i386\", \"intel\", \"fat32\", \"fat\", \"universal\"]),\n            ((10, 3), \"intel\", [\"intel\", \"universal\"]),\n            ((10, 5), \"intel\", [\"intel\", \"universal\"]),\n            ((10, 15), \"intel\", [\"intel\", \"universal\"]),\n            ((10, 3), \"i386\", []),\n            ((10, 15), \"ppc64\", []),\n            ((10, 6), \"ppc64\", []),\n            ((10, 5), \"ppc64\", [\"ppc64\", \"fat64\", \"universal\"]),\n            ((10, 3), \"ppc64\", []),\n            ((10, 15), \"ppc\", []),\n            ((10, 7), \"ppc\", []),\n            ((10, 6), \"ppc\", [\"ppc\", \"fat32\", \"fat\", \"universal\"]),\n            ((10, 0), \"ppc\", [\"ppc\", \"fat32\", \"fat\", \"universal\"]),\n            ((11, 0), \"riscv\", [\"riscv\"]),\n            (\n                (11, 0),\n                \"x86_64\",\n                [\"x86_64\", \"intel\", \"fat64\", \"fat32\", \"universal2\", \"universal\"],\n            ),\n            ((11, 0), \"arm64\", [\"arm64\", \"universal2\"]),\n            ((11, 1), \"arm64\", [\"arm64\", \"universal2\"]),\n            ((12, 0), \"arm64\", [\"arm64\", \"universal2\"]),\n        ],\n    )\n    def test_binary_formats(self, version, arch, expected):\n        assert tags._mac_binary_formats(version, arch) == expected\n\n    def test_version_detection(self, monkeypatch):\n        if platform.system() != \"Darwin\":\n            monkeypatch.setattr(\n                platform, \"mac_ver\", lambda: (\"10.14\", (\"\", \"\", \"\"), \"x86_64\")\n            )\n        version = platform.mac_ver()[0].split(\".\")\n        major = version[0]\n        minor = version[1] if major == \"10\" else \"0\"\n\n        platforms = list(tags.mac_platforms(arch=\"x86_64\"))\n        if (major, minor) == (\"10\", \"16\"):\n            # For 10.16, the real version is at least 11.0.\n            prefix, major, minor, _ = platforms[0].split(\"_\", maxsplit=3)\n            assert prefix == \"macosx\"\n            assert int(major) >= 11\n            assert minor == \"0\"\n        else:\n            expected = f\"macosx_{major}_{minor}_\"\n            assert platforms[0].startswith(expected)\n\n    def test_version_detection_10_15(self, monkeypatch):\n        monkeypatch.setattr(\n            platform, \"mac_ver\", lambda: (\"10.15\", (\"\", \"\", \"\"), \"x86_64\")\n        )\n        expected = \"macosx_10_15_\"\n\n        platforms = list(tags.mac_platforms(arch=\"x86_64\"))\n        assert platforms[0].startswith(expected)\n\n    def test_version_detection_compatibility(self, monkeypatch):\n        if platform.system() != \"Darwin\":\n            monkeypatch.setattr(\n                subprocess,\n                \"run\",\n                lambda *args, **kwargs: subprocess.CompletedProcess(\n                    [], 0, stdout=\"10.15\"\n                ),\n            )\n        monkeypatch.setattr(\n            platform, \"mac_ver\", lambda: (\"10.16\", (\"\", \"\", \"\"), \"x86_64\")\n        )\n        unexpected = \"macosx_10_16_\"\n\n        platforms = list(tags.mac_platforms(arch=\"x86_64\"))\n        assert not platforms[0].startswith(unexpected)\n\n    @pytest.mark.parametrize(\"arch\", [\"x86_64\", \"i386\"])\n    def test_arch_detection(self, arch, monkeypatch):\n        if platform.system() != \"Darwin\" or platform.mac_ver()[2] != arch:\n            monkeypatch.setattr(\n                platform, \"mac_ver\", lambda: (\"10.14\", (\"\", \"\", \"\"), arch)\n            )\n            monkeypatch.setattr(tags, \"_mac_arch\", lambda *args: arch)\n        assert next(tags.mac_platforms((10, 14))).endswith(arch)\n\n    def test_mac_platforms(self):\n        platforms = list(tags.mac_platforms((10, 5), \"x86_64\"))\n        assert platforms == [\n            \"macosx_10_5_x86_64\",\n            \"macosx_10_5_intel\",\n            \"macosx_10_5_fat64\",\n            \"macosx_10_5_fat32\",\n            \"macosx_10_5_universal2\",\n            \"macosx_10_5_universal\",\n            \"macosx_10_4_x86_64\",\n            \"macosx_10_4_intel\",\n            \"macosx_10_4_fat64\",\n            \"macosx_10_4_fat32\",\n            \"macosx_10_4_universal2\",\n            \"macosx_10_4_universal\",\n        ]\n\n        assert len(list(tags.mac_platforms((10, 17), \"x86_64\"))) == 14 * 6\n\n        assert not list(tags.mac_platforms((10, 0), \"x86_64\"))\n\n    @pytest.mark.parametrize(\"major,minor\", [(11, 0), (11, 3), (12, 0), (12, 3)])\n    def test_macos_11(self, major, minor):\n        platforms = list(tags.mac_platforms((major, minor), \"x86_64\"))\n        assert \"macosx_11_0_arm64\" not in platforms\n        assert \"macosx_11_0_x86_64\" in platforms\n        assert \"macosx_11_3_x86_64\" not in platforms\n        assert \"macosx_11_0_universal\" in platforms\n        assert \"macosx_11_0_universal2\" in platforms\n        # Mac OS \"10.16\" is the version number that binaries compiled against an old\n        # (pre 11.0) SDK will see.   It can also be enabled explicitly for a process\n        # with the environment variable SYSTEM_VERSION_COMPAT=1.\n        assert \"macosx_10_16_x86_64\" in platforms\n        assert \"macosx_10_15_x86_64\" in platforms\n        assert \"macosx_10_15_universal2\" in platforms\n        assert \"macosx_10_4_x86_64\" in platforms\n        assert \"macosx_10_3_x86_64\" not in platforms\n        if major >= 12:\n            assert \"macosx_12_0_x86_64\" in platforms\n            assert \"macosx_12_0_universal\" in platforms\n            assert \"macosx_12_0_universal2\" in platforms\n\n        platforms = list(tags.mac_platforms((major, minor), \"arm64\"))\n        assert \"macosx_11_0_arm64\" in platforms\n        assert \"macosx_11_3_arm64\" not in platforms\n        assert \"macosx_11_0_universal\" not in platforms\n        assert \"macosx_11_0_universal2\" in platforms\n        assert \"macosx_10_15_universal2\" in platforms\n        assert \"macosx_10_15_x86_64\" not in platforms\n        assert \"macosx_10_4_x86_64\" not in platforms\n        assert \"macosx_10_3_x86_64\" not in platforms\n        if major >= 12:\n            assert \"macosx_12_0_arm64\" in platforms\n            assert \"macosx_12_0_universal2\" in platforms\n\n\nclass TestManylinuxPlatform:\n    def teardown_method(self):\n        # Clear the version cache\n        tags._manylinux._get_glibc_version.cache_clear()\n\n    def test_get_config_var_does_not_log(self, monkeypatch):\n        debug = pretend.call_recorder(lambda *a: None)\n        monkeypatch.setattr(tags.logger, \"debug\", debug)\n        tags._get_config_var(\"missing\")\n        assert debug.calls == []\n\n    def test_get_config_var_does_log(self, monkeypatch):\n        debug = pretend.call_recorder(lambda *a: None)\n        monkeypatch.setattr(tags.logger, \"debug\", debug)\n        tags._get_config_var(\"missing\", warn=True)\n        assert debug.calls == [\n            pretend.call(\n                \"Config variable '%s' is unset, Python ABI tag may be incorrect\",\n                \"missing\",\n            )\n        ]\n\n    @pytest.mark.parametrize(\n        \"arch,is_32bit,expected\",\n        [\n            (\"linux-x86_64\", False, [\"linux_x86_64\"]),\n            (\"linux-x86_64\", True, [\"linux_i686\"]),\n            (\"linux-aarch64\", False, [\"linux_aarch64\"]),\n            (\"linux-aarch64\", True, [\"linux_armv8l\", \"linux_armv7l\"]),\n        ],\n    )\n    def test_linux_platforms_32_64bit_on_64bit_os(\n        self, arch, is_32bit, expected, monkeypatch\n    ):\n        monkeypatch.setattr(sysconfig, \"get_platform\", lambda: arch)\n        monkeypatch.setattr(os, \"confstr\", lambda x: \"glibc 2.20\", raising=False)\n        monkeypatch.setattr(tags._manylinux, \"_is_compatible\", lambda *args: False)\n        linux_platform = list(tags._linux_platforms(is_32bit=is_32bit))[\n            -len(expected) :\n        ]\n        assert linux_platform == expected\n\n    def test_linux_platforms_manylinux_unsupported(self, monkeypatch):\n        monkeypatch.setattr(sysconfig, \"get_platform\", lambda: \"linux_x86_64\")\n        monkeypatch.setattr(os, \"confstr\", lambda x: \"glibc 2.20\", raising=False)\n        monkeypatch.setattr(tags._manylinux, \"_is_compatible\", lambda *args: False)\n        linux_platform = list(tags._linux_platforms(is_32bit=False))\n        assert linux_platform == [\"linux_x86_64\"]\n\n    def test_linux_platforms_manylinux1(self, monkeypatch):\n        monkeypatch.setattr(\n            tags._manylinux,\n            \"_is_compatible\",\n            lambda _, glibc_version: glibc_version == _GLibCVersion(2, 5),\n        )\n        monkeypatch.setattr(sysconfig, \"get_platform\", lambda: \"linux_x86_64\")\n        monkeypatch.setattr(platform, \"machine\", lambda: \"x86_64\")\n        monkeypatch.setattr(os, \"confstr\", lambda x: \"glibc 2.20\", raising=False)\n        platforms = list(tags._linux_platforms(is_32bit=False))\n        assert platforms == [\n            \"manylinux_2_5_x86_64\",\n            \"manylinux1_x86_64\",\n            \"linux_x86_64\",\n        ]\n\n    def test_linux_platforms_manylinux2010(self, monkeypatch):\n        monkeypatch.setattr(sysconfig, \"get_platform\", lambda: \"linux_x86_64\")\n        monkeypatch.setattr(platform, \"machine\", lambda: \"x86_64\")\n        monkeypatch.setattr(os, \"confstr\", lambda x: \"glibc 2.12\", raising=False)\n        platforms = list(tags._linux_platforms(is_32bit=False))\n        expected = [\n            \"manylinux_2_12_x86_64\",\n            \"manylinux2010_x86_64\",\n            \"manylinux_2_11_x86_64\",\n            \"manylinux_2_10_x86_64\",\n            \"manylinux_2_9_x86_64\",\n            \"manylinux_2_8_x86_64\",\n            \"manylinux_2_7_x86_64\",\n            \"manylinux_2_6_x86_64\",\n            \"manylinux_2_5_x86_64\",\n            \"manylinux1_x86_64\",\n            \"linux_x86_64\",\n        ]\n        assert platforms == expected\n\n    def test_linux_platforms_manylinux2014(self, monkeypatch):\n        monkeypatch.setattr(sysconfig, \"get_platform\", lambda: \"linux_x86_64\")\n        monkeypatch.setattr(platform, \"machine\", lambda: \"x86_64\")\n        monkeypatch.setattr(os, \"confstr\", lambda x: \"glibc 2.17\", raising=False)\n        platforms = list(tags._linux_platforms(is_32bit=False))\n        arch = platform.machine()\n        expected = [\n            \"manylinux_2_17_\" + arch,\n            \"manylinux2014_\" + arch,\n            \"manylinux_2_16_\" + arch,\n            \"manylinux_2_15_\" + arch,\n            \"manylinux_2_14_\" + arch,\n            \"manylinux_2_13_\" + arch,\n            \"manylinux_2_12_\" + arch,\n            \"manylinux2010_\" + arch,\n            \"manylinux_2_11_\" + arch,\n            \"manylinux_2_10_\" + arch,\n            \"manylinux_2_9_\" + arch,\n            \"manylinux_2_8_\" + arch,\n            \"manylinux_2_7_\" + arch,\n            \"manylinux_2_6_\" + arch,\n            \"manylinux_2_5_\" + arch,\n            \"manylinux1_\" + arch,\n            \"linux_\" + arch,\n        ]\n        assert platforms == expected\n\n    @pytest.mark.parametrize(\n        \"native_arch, cross_arch\",\n        [(\"armv7l\", \"armv7l\"), (\"armv8l\", \"armv8l\"), (\"aarch64\", \"armv8l\")],\n    )\n    def test_linux_platforms_manylinux2014_armhf_abi(\n        self, native_arch, cross_arch, monkeypatch\n    ):\n        monkeypatch.setattr(tags._manylinux, \"_glibc_version_string\", lambda: \"2.30\")\n        monkeypatch.setattr(\n            tags._manylinux,\n            \"_is_compatible\",\n            lambda _, glibc_version: glibc_version == _GLibCVersion(2, 17),\n        )\n        monkeypatch.setattr(sysconfig, \"get_platform\", lambda: f\"linux_{native_arch}\")\n        monkeypatch.setattr(\n            sys,\n            \"executable\",\n            os.path.join(\n                os.path.dirname(__file__),\n                \"manylinux\",\n                \"hello-world-armv7l-armhf\",\n            ),\n        )\n        platforms = list(tags._linux_platforms(is_32bit=True))\n        archs = {\"armv8l\": [\"armv8l\", \"armv7l\"]}.get(cross_arch, [cross_arch])\n        expected = []\n        for arch in archs:\n            expected.extend([f\"manylinux_2_17_{arch}\", f\"manylinux2014_{arch}\"])\n        expected.extend(f\"linux_{arch}\" for arch in archs)\n        assert platforms == expected\n\n    def test_linux_platforms_manylinux2014_i386_abi(self, monkeypatch):\n        monkeypatch.setattr(tags._manylinux, \"_glibc_version_string\", lambda: \"2.17\")\n        monkeypatch.setattr(sysconfig, \"get_platform\", lambda: \"linux_x86_64\")\n        monkeypatch.setattr(\n            sys,\n            \"executable\",\n            os.path.join(\n                os.path.dirname(__file__),\n                \"manylinux\",\n                \"hello-world-x86_64-i386\",\n            ),\n        )\n        platforms = list(tags._linux_platforms(is_32bit=True))\n        expected = [\n            \"manylinux_2_17_i686\",\n            \"manylinux2014_i686\",\n            \"manylinux_2_16_i686\",\n            \"manylinux_2_15_i686\",\n            \"manylinux_2_14_i686\",\n            \"manylinux_2_13_i686\",\n            \"manylinux_2_12_i686\",\n            \"manylinux2010_i686\",\n            \"manylinux_2_11_i686\",\n            \"manylinux_2_10_i686\",\n            \"manylinux_2_9_i686\",\n            \"manylinux_2_8_i686\",\n            \"manylinux_2_7_i686\",\n            \"manylinux_2_6_i686\",\n            \"manylinux_2_5_i686\",\n            \"manylinux1_i686\",\n            \"linux_i686\",\n        ]\n        assert platforms == expected\n\n    def test_linux_platforms_manylinux_glibc3(self, monkeypatch):\n        # test for a future glic 3.x version\n        monkeypatch.setattr(tags._manylinux, \"_glibc_version_string\", lambda: \"3.2\")\n        monkeypatch.setattr(tags._manylinux, \"_is_compatible\", lambda *args: True)\n        monkeypatch.setattr(sysconfig, \"get_platform\", lambda: \"linux_aarch64\")\n        monkeypatch.setattr(\n            sys,\n            \"executable\",\n            os.path.join(\n                os.path.dirname(__file__),\n                \"manylinux\",\n                \"hello-world-aarch64\",\n            ),\n        )\n        platforms = list(tags._linux_platforms(is_32bit=False))\n        expected = (\n            [\"manylinux_3_2_aarch64\", \"manylinux_3_1_aarch64\", \"manylinux_3_0_aarch64\"]\n            + [f\"manylinux_2_{i}_aarch64\" for i in range(50, 16, -1)]\n            + [\"manylinux2014_aarch64\", \"linux_aarch64\"]\n        )\n        assert platforms == expected\n\n    @pytest.mark.parametrize(\n        \"native_arch, cross32_arch, musl_version\",\n        [\n            (\"armv7l\", \"armv7l\", _MuslVersion(1, 1)),\n            (\"aarch64\", \"armv8l\", _MuslVersion(1, 1)),\n            (\"i386\", \"i386\", _MuslVersion(1, 2)),\n            (\"x86_64\", \"i686\", _MuslVersion(1, 2)),\n        ],\n    )\n    @pytest.mark.parametrize(\"cross32\", [True, False], ids=[\"cross\", \"native\"])\n    def test_linux_platforms_musllinux(\n        self, monkeypatch, native_arch, cross32_arch, musl_version, cross32\n    ):\n        fake_executable = str(\n            pathlib.Path(__file__)\n            .parent.joinpath(\"musllinux\", f\"musl-{native_arch}\")\n            .resolve()\n        )\n        monkeypatch.setattr(tags._musllinux.sys, \"executable\", fake_executable)\n        monkeypatch.setattr(sysconfig, \"get_platform\", lambda: f\"linux_{native_arch}\")\n        monkeypatch.setattr(tags._manylinux, \"platform_tags\", lambda *_: ())\n\n        recorder = pretend.call_recorder(lambda _: musl_version)\n        monkeypatch.setattr(tags._musllinux, \"_get_musl_version\", recorder)\n\n        platforms = list(tags._linux_platforms(is_32bit=cross32))\n        target_arch = cross32_arch if cross32 else native_arch\n        archs = {\"armv8l\": [\"armv8l\", \"armv7l\"]}.get(target_arch, [target_arch])\n        expected = []\n        for arch in archs:\n            expected.extend(\n                f\"musllinux_{musl_version[0]}_{minor}_{arch}\"\n                for minor in range(musl_version[1], -1, -1)\n            )\n        expected.extend(f\"linux_{arch}\" for arch in archs)\n        assert platforms == expected\n\n        assert recorder.calls == [pretend.call(fake_executable)]\n\n    def test_linux_platforms_manylinux2014_armv6l(self, monkeypatch):\n        monkeypatch.setattr(\n            tags._manylinux,\n            \"_is_compatible\",\n            lambda _, glibc_version: glibc_version == _GLibCVersion(2, 17),\n        )\n        monkeypatch.setattr(sysconfig, \"get_platform\", lambda: \"linux_armv6l\")\n        monkeypatch.setattr(os, \"confstr\", lambda x: \"glibc 2.20\", raising=False)\n        platforms = list(tags._linux_platforms(is_32bit=True))\n        expected = [\"linux_armv6l\"]\n        assert platforms == expected\n\n    @pytest.mark.parametrize(\n        \"machine, abi, alt_machine\",\n        [(\"x86_64\", \"x32\", \"i686\"), (\"armv7l\", \"armel\", \"armv7l\")],\n    )\n    def test_linux_platforms_not_manylinux_abi(\n        self, monkeypatch, machine, abi, alt_machine\n    ):\n        monkeypatch.setattr(tags._manylinux, \"_is_compatible\", lambda *args: False)\n        monkeypatch.setattr(sysconfig, \"get_platform\", lambda: f\"linux_{machine}\")\n        monkeypatch.setattr(\n            sys,\n            \"executable\",\n            os.path.join(\n                os.path.dirname(__file__),\n                \"manylinux\",\n                f\"hello-world-{machine}-{abi}\",\n            ),\n        )\n        platforms = list(tags._linux_platforms(is_32bit=True))\n        expected = [f\"linux_{alt_machine}\"]\n        assert platforms == expected\n\n    def test_linux_not_linux(self, monkeypatch):\n        monkeypatch.setattr(sysconfig, \"get_platform\", lambda: \"not_linux_x86_64\")\n        monkeypatch.setattr(platform, \"machine\", lambda: \"x86_64\")\n        monkeypatch.setattr(os, \"confstr\", lambda x: \"glibc 2.17\", raising=False)\n        platforms = list(tags._linux_platforms(is_32bit=False))\n        assert platforms == [\"not_linux_x86_64\"]\n\n\n@pytest.mark.parametrize(\n    \"platform_name,dispatch_func\",\n    [\n        (\"Darwin\", \"mac_platforms\"),\n        (\"Linux\", \"_linux_platforms\"),\n        (\"Generic\", \"_generic_platforms\"),\n    ],\n)\ndef test_platform_tags(platform_name, dispatch_func, monkeypatch):\n    expected = [\"sillywalk\"]\n    monkeypatch.setattr(platform, \"system\", lambda: platform_name)\n    monkeypatch.setattr(tags, dispatch_func, lambda: expected)\n    assert tags.platform_tags() == expected\n\n\ndef test_platform_tags_space(monkeypatch):\n    \"\"\"Ensure spaces in platform tags are normalized to underscores.\"\"\"\n    monkeypatch.setattr(platform, \"system\", lambda: \"Isilon OneFS\")\n    monkeypatch.setattr(sysconfig, \"get_platform\", lambda: \"isilon onefs\")\n    assert list(tags.platform_tags()) == [\"isilon_onefs\"]\n\n\nclass TestCPythonABI:\n    @pytest.mark.parametrize(\n        \"py_debug,gettotalrefcount,result\",\n        [(1, False, True), (0, False, False), (None, True, True)],\n    )\n    def test_debug(self, py_debug, gettotalrefcount, result, monkeypatch):\n        config = {\"Py_DEBUG\": py_debug, \"WITH_PYMALLOC\": 0, \"Py_UNICODE_SIZE\": 2}\n        monkeypatch.setattr(sysconfig, \"get_config_var\", config.__getitem__)\n        if gettotalrefcount:\n            monkeypatch.setattr(sys, \"gettotalrefcount\", 1, raising=False)\n        expected = [\"cp37d\" if result else \"cp37\"]\n        assert tags._cpython_abis((3, 7)) == expected\n\n    def test_debug_file_extension(self, monkeypatch):\n        config = {\"Py_DEBUG\": None}\n        monkeypatch.setattr(sysconfig, \"get_config_var\", config.__getitem__)\n        monkeypatch.delattr(sys, \"gettotalrefcount\", raising=False)\n        monkeypatch.setattr(tags, \"EXTENSION_SUFFIXES\", {\"_d.pyd\"})\n        assert tags._cpython_abis((3, 8)) == [\"cp38d\", \"cp38\"]\n\n    @pytest.mark.parametrize(\n        \"debug,expected\", [(True, [\"cp38d\", \"cp38\"]), (False, [\"cp38\"])]\n    )\n    def test__debug_cp38(self, debug, expected, monkeypatch):\n        config = {\"Py_DEBUG\": debug}\n        monkeypatch.setattr(sysconfig, \"get_config_var\", config.__getitem__)\n        assert tags._cpython_abis((3, 8)) == expected\n\n    @pytest.mark.parametrize(\n        \"pymalloc,version,result\",\n        [\n            (1, (3, 7), True),\n            (0, (3, 7), False),\n            (None, (3, 7), True),\n            (1, (3, 8), False),\n        ],\n    )\n    def test_pymalloc(self, pymalloc, version, result, monkeypatch):\n        config = {\"Py_DEBUG\": 0, \"WITH_PYMALLOC\": pymalloc, \"Py_UNICODE_SIZE\": 2}\n        monkeypatch.setattr(sysconfig, \"get_config_var\", config.__getitem__)\n        base_abi = f\"cp{version[0]}{version[1]}\"\n        expected = [base_abi + \"m\" if result else base_abi]\n        assert tags._cpython_abis(version) == expected\n\n    @pytest.mark.parametrize(\n        \"unicode_size,maxunicode,version,result\",\n        [\n            (4, 0x10FFFF, (3, 2), True),\n            (2, 0xFFFF, (3, 2), False),\n            (None, 0x10FFFF, (3, 2), True),\n            (None, 0xFFFF, (3, 2), False),\n            (4, 0x10FFFF, (3, 3), False),\n        ],\n    )\n    def test_wide_unicode(self, unicode_size, maxunicode, version, result, monkeypatch):\n        config = {\"Py_DEBUG\": 0, \"WITH_PYMALLOC\": 0, \"Py_UNICODE_SIZE\": unicode_size}\n        monkeypatch.setattr(sysconfig, \"get_config_var\", config.__getitem__)\n        monkeypatch.setattr(sys, \"maxunicode\", maxunicode)\n        base_abi = \"cp\" + tags._version_nodot(version)\n        expected = [base_abi + \"u\" if result else base_abi]\n        assert tags._cpython_abis(version) == expected\n\n\nclass TestCPythonTags:\n    def test_iterator_returned(self):\n        result_iterator = tags.cpython_tags(\n            (3, 8), [\"cp38d\", \"cp38\"], [\"plat1\", \"plat2\"]\n        )\n        assert isinstance(result_iterator, collections.abc.Iterator)\n\n    def test_all_args(self):\n        result_iterator = tags.cpython_tags(\n            (3, 11), [\"cp311d\", \"cp311\"], [\"plat1\", \"plat2\"]\n        )\n        result = list(result_iterator)\n        assert result == [\n            tags.Tag(\"cp311\", \"cp311d\", \"plat1\"),\n            tags.Tag(\"cp311\", \"cp311d\", \"plat2\"),\n            tags.Tag(\"cp311\", \"cp311\", \"plat1\"),\n            tags.Tag(\"cp311\", \"cp311\", \"plat2\"),\n            tags.Tag(\"cp311\", \"abi3\", \"plat1\"),\n            tags.Tag(\"cp311\", \"abi3\", \"plat2\"),\n            tags.Tag(\"cp311\", \"none\", \"plat1\"),\n            tags.Tag(\"cp311\", \"none\", \"plat2\"),\n            tags.Tag(\"cp310\", \"abi3\", \"plat1\"),\n            tags.Tag(\"cp310\", \"abi3\", \"plat2\"),\n            tags.Tag(\"cp39\", \"abi3\", \"plat1\"),\n            tags.Tag(\"cp39\", \"abi3\", \"plat2\"),\n            tags.Tag(\"cp38\", \"abi3\", \"plat1\"),\n            tags.Tag(\"cp38\", \"abi3\", \"plat2\"),\n            tags.Tag(\"cp37\", \"abi3\", \"plat1\"),\n            tags.Tag(\"cp37\", \"abi3\", \"plat2\"),\n            tags.Tag(\"cp36\", \"abi3\", \"plat1\"),\n            tags.Tag(\"cp36\", \"abi3\", \"plat2\"),\n            tags.Tag(\"cp35\", \"abi3\", \"plat1\"),\n            tags.Tag(\"cp35\", \"abi3\", \"plat2\"),\n            tags.Tag(\"cp34\", \"abi3\", \"plat1\"),\n            tags.Tag(\"cp34\", \"abi3\", \"plat2\"),\n            tags.Tag(\"cp33\", \"abi3\", \"plat1\"),\n            tags.Tag(\"cp33\", \"abi3\", \"plat2\"),\n            tags.Tag(\"cp32\", \"abi3\", \"plat1\"),\n            tags.Tag(\"cp32\", \"abi3\", \"plat2\"),\n        ]\n        result_iterator = tags.cpython_tags(\n            (3, 8), [\"cp38d\", \"cp38\"], [\"plat1\", \"plat2\"]\n        )\n        result = list(result_iterator)\n        assert result == [\n            tags.Tag(\"cp38\", \"cp38d\", \"plat1\"),\n            tags.Tag(\"cp38\", \"cp38d\", \"plat2\"),\n            tags.Tag(\"cp38\", \"cp38\", \"plat1\"),\n            tags.Tag(\"cp38\", \"cp38\", \"plat2\"),\n            tags.Tag(\"cp38\", \"abi3\", \"plat1\"),\n            tags.Tag(\"cp38\", \"abi3\", \"plat2\"),\n            tags.Tag(\"cp38\", \"none\", \"plat1\"),\n            tags.Tag(\"cp38\", \"none\", \"plat2\"),\n            tags.Tag(\"cp37\", \"abi3\", \"plat1\"),\n            tags.Tag(\"cp37\", \"abi3\", \"plat2\"),\n            tags.Tag(\"cp36\", \"abi3\", \"plat1\"),\n            tags.Tag(\"cp36\", \"abi3\", \"plat2\"),\n            tags.Tag(\"cp35\", \"abi3\", \"plat1\"),\n            tags.Tag(\"cp35\", \"abi3\", \"plat2\"),\n            tags.Tag(\"cp34\", \"abi3\", \"plat1\"),\n            tags.Tag(\"cp34\", \"abi3\", \"plat2\"),\n            tags.Tag(\"cp33\", \"abi3\", \"plat1\"),\n            tags.Tag(\"cp33\", \"abi3\", \"plat2\"),\n            tags.Tag(\"cp32\", \"abi3\", \"plat1\"),\n            tags.Tag(\"cp32\", \"abi3\", \"plat2\"),\n        ]\n\n        result = list(tags.cpython_tags((3, 3), [\"cp33m\"], [\"plat1\", \"plat2\"]))\n        assert result == [\n            tags.Tag(\"cp33\", \"cp33m\", \"plat1\"),\n            tags.Tag(\"cp33\", \"cp33m\", \"plat2\"),\n            tags.Tag(\"cp33\", \"abi3\", \"plat1\"),\n            tags.Tag(\"cp33\", \"abi3\", \"plat2\"),\n            tags.Tag(\"cp33\", \"none\", \"plat1\"),\n            tags.Tag(\"cp33\", \"none\", \"plat2\"),\n            tags.Tag(\"cp32\", \"abi3\", \"plat1\"),\n            tags.Tag(\"cp32\", \"abi3\", \"plat2\"),\n        ]\n\n        result = list(tags.cpython_tags((3, 13), [\"cp313t\"], [\"plat1\", \"plat2\"]))\n        assert result == [\n            tags.Tag(\"cp313\", \"cp313t\", \"plat1\"),\n            tags.Tag(\"cp313\", \"cp313t\", \"plat2\"),\n            tags.Tag(\"cp313\", \"none\", \"plat1\"),\n            tags.Tag(\"cp313\", \"none\", \"plat2\"),\n        ]\n\n    def test_python_version_defaults(self):\n        tag = next(tags.cpython_tags(abis=[\"abi3\"], platforms=[\"any\"]))\n        interpreter = \"cp\" + tags._version_nodot(sys.version_info[:2])\n        assert interpreter == tag.interpreter\n\n    def test_abi_defaults(self, monkeypatch):\n        monkeypatch.setattr(tags, \"_cpython_abis\", lambda _1, _2: [\"cp38\"])\n        result = list(tags.cpython_tags((3, 8), platforms=[\"any\"]))\n        assert tags.Tag(\"cp38\", \"cp38\", \"any\") in result\n        assert tags.Tag(\"cp38\", \"abi3\", \"any\") in result\n        assert tags.Tag(\"cp38\", \"none\", \"any\") in result\n\n    def test_abi_defaults_needs_underscore(self, monkeypatch):\n        monkeypatch.setattr(tags, \"_cpython_abis\", lambda _1, _2: [\"cp311\"])\n        result = list(tags.cpython_tags((3, 11), platforms=[\"any\"]))\n        assert tags.Tag(\"cp311\", \"cp311\", \"any\") in result\n        assert tags.Tag(\"cp311\", \"abi3\", \"any\") in result\n        assert tags.Tag(\"cp311\", \"none\", \"any\") in result\n\n    def test_platforms_defaults(self, monkeypatch):\n        monkeypatch.setattr(tags, \"platform_tags\", lambda: [\"plat1\"])\n        result = list(tags.cpython_tags((3, 8), abis=[\"whatever\"]))\n        assert tags.Tag(\"cp38\", \"whatever\", \"plat1\") in result\n\n    def test_platforms_defaults_needs_underscore(self, monkeypatch):\n        monkeypatch.setattr(tags, \"platform_tags\", lambda: [\"plat1\"])\n        result = list(tags.cpython_tags((3, 11), abis=[\"whatever\"]))\n        assert tags.Tag(\"cp311\", \"whatever\", \"plat1\") in result\n\n    def test_platform_name_space_normalization(self, monkeypatch):\n        \"\"\"Ensure that spaces are translated to underscores in platform names.\"\"\"\n        monkeypatch.setattr(sysconfig, \"get_platform\", lambda: \"isilon onefs\")\n        for tag in tags.cpython_tags():\n            assert \" \" not in tag.platform\n\n    def test_major_only_python_version(self):\n        result = list(tags.cpython_tags((3,), [\"abi\"], [\"plat\"]))\n        assert result == [\n            tags.Tag(\"cp3\", \"abi\", \"plat\"),\n            tags.Tag(\"cp3\", \"none\", \"plat\"),\n        ]\n\n    def test_major_only_python_version_with_default_abis(self):\n        result = list(tags.cpython_tags((3,), platforms=[\"plat\"]))\n        assert result == [tags.Tag(\"cp3\", \"none\", \"plat\")]\n\n    @pytest.mark.parametrize(\"abis\", [[], [\"abi3\"], [\"none\"]])\n    def test_skip_redundant_abis(self, abis):\n        results = list(tags.cpython_tags((3, 0), abis=abis, platforms=[\"any\"]))\n        assert results == [tags.Tag(\"cp30\", \"none\", \"any\")]\n\n    def test_abi3_python33(self):\n        results = list(tags.cpython_tags((3, 3), abis=[\"cp33\"], platforms=[\"plat\"]))\n        assert results == [\n            tags.Tag(\"cp33\", \"cp33\", \"plat\"),\n            tags.Tag(\"cp33\", \"abi3\", \"plat\"),\n            tags.Tag(\"cp33\", \"none\", \"plat\"),\n            tags.Tag(\"cp32\", \"abi3\", \"plat\"),\n        ]\n\n    def test_no_excess_abi3_python32(self):\n        results = list(tags.cpython_tags((3, 2), abis=[\"cp32\"], platforms=[\"plat\"]))\n        assert results == [\n            tags.Tag(\"cp32\", \"cp32\", \"plat\"),\n            tags.Tag(\"cp32\", \"abi3\", \"plat\"),\n            tags.Tag(\"cp32\", \"none\", \"plat\"),\n        ]\n\n    def test_no_abi3_python31(self):\n        results = list(tags.cpython_tags((3, 1), abis=[\"cp31\"], platforms=[\"plat\"]))\n        assert results == [\n            tags.Tag(\"cp31\", \"cp31\", \"plat\"),\n            tags.Tag(\"cp31\", \"none\", \"plat\"),\n        ]\n\n    def test_no_abi3_python27(self):\n        results = list(tags.cpython_tags((2, 7), abis=[\"cp27\"], platforms=[\"plat\"]))\n        assert results == [\n            tags.Tag(\"cp27\", \"cp27\", \"plat\"),\n            tags.Tag(\"cp27\", \"none\", \"plat\"),\n        ]\n\n\nclass TestGenericTags:\n    def test__generic_abi_macos(self, monkeypatch):\n        monkeypatch.setattr(\n            sysconfig, \"get_config_var\", lambda key: \".cpython-37m-darwin.so\"\n        )\n        monkeypatch.setattr(tags, \"interpreter_name\", lambda: \"cp\")\n        assert tags._generic_abi() == [\"cp37m\"]\n\n    def test__generic_abi_linux_cpython(self, monkeypatch):\n        config = {\n            \"Py_DEBUG\": False,\n            \"WITH_PYMALLOC\": True,\n            \"EXT_SUFFIX\": \".cpython-37m-x86_64-linux-gnu.so\",\n        }\n        monkeypatch.setattr(sysconfig, \"get_config_var\", config.__getitem__)\n        monkeypatch.setattr(tags, \"interpreter_name\", lambda: \"cp\")\n        # They are identical\n        assert tags._cpython_abis((3, 7)) == [\"cp37m\"]\n        assert tags._generic_abi() == [\"cp37m\"]\n\n    def test__generic_abi_jp(self, monkeypatch):\n        config = {\"EXT_SUFFIX\": \".return_exactly_this.so\"}\n        monkeypatch.setattr(sysconfig, \"get_config_var\", config.__getitem__)\n        assert tags._generic_abi() == [\"return_exactly_this\"]\n\n    def test__generic_abi_graal(self, monkeypatch):\n        config = {\"EXT_SUFFIX\": \".graalpy-38-native-x86_64-darwin.so\"}\n        monkeypatch.setattr(sysconfig, \"get_config_var\", config.__getitem__)\n        assert tags._generic_abi() == [\"graalpy_38_native\"]\n\n    def test__generic_abi_disable_gil(self, monkeypatch):\n        config = {\n            \"Py_DEBUG\": False,\n            \"EXT_SUFFIX\": \".cpython-313t-x86_64-linux-gnu.so\",\n            \"WITH_PYMALLOC\": 0,\n            \"Py_GIL_DISABLED\": 1,\n        }\n        monkeypatch.setattr(sysconfig, \"get_config_var\", config.__getitem__)\n        assert tags._generic_abi() == [\"cp313t\"]\n        assert tags._generic_abi() == tags._cpython_abis((3, 13))\n\n    def test__generic_abi_none(self, monkeypatch):\n        config = {\"EXT_SUFFIX\": \"..so\"}\n        monkeypatch.setattr(sysconfig, \"get_config_var\", config.__getitem__)\n        assert tags._generic_abi() == []\n\n    @pytest.mark.parametrize(\"ext_suffix\", [\"invalid\", None])\n    def test__generic_abi_error(self, ext_suffix, monkeypatch):\n        config = {\"EXT_SUFFIX\": ext_suffix}\n        monkeypatch.setattr(sysconfig, \"get_config_var\", config.__getitem__)\n        with pytest.raises(SystemError) as e:\n            tags._generic_abi()\n        assert \"EXT_SUFFIX\" in str(e.value)\n\n    def test__generic_abi_linux_pypy(self, monkeypatch):\n        # issue gh-606\n        config = {\n            \"Py_DEBUG\": False,\n            \"EXT_SUFFIX\": \".pypy39-pp73-x86_64-linux-gnu.so\",\n        }\n        monkeypatch.setattr(sysconfig, \"get_config_var\", config.__getitem__)\n        monkeypatch.setattr(tags, \"interpreter_name\", lambda: \"pp\")\n        assert tags._generic_abi() == [\"pypy39_pp73\"]\n\n    def test__generic_abi_old_windows(self, monkeypatch):\n        config = {\n            \"EXT_SUFFIX\": \".pyd\",\n            \"Py_DEBUG\": 0,\n            \"WITH_PYMALLOC\": 0,\n            \"Py_GIL_DISABLED\": 0,\n        }\n        monkeypatch.setattr(sysconfig, \"get_config_var\", config.__getitem__)\n        assert tags._generic_abi() == tags._cpython_abis(sys.version_info[:2])\n\n    def test__generic_abi_windows(self, monkeypatch):\n        config = {\n            \"EXT_SUFFIX\": \".cp310-win_amd64.pyd\",\n        }\n        monkeypatch.setattr(sysconfig, \"get_config_var\", config.__getitem__)\n        assert tags._generic_abi() == [\"cp310\"]\n\n    @pytest.mark.skipif(sys.implementation.name != \"cpython\", reason=\"CPython-only\")\n    def test__generic_abi_agree(self):\n        \"\"\"Test that the two methods of finding the abi tag agree\"\"\"\n        assert tags._generic_abi() == tags._cpython_abis(sys.version_info[:2])\n\n    def test_generic_platforms(self):\n        platform = sysconfig.get_platform().replace(\"-\", \"_\")\n        platform = platform.replace(\".\", \"_\")\n        assert list(tags._generic_platforms()) == [platform]\n\n    def test_generic_platforms_space(self, monkeypatch):\n        \"\"\"Ensure platform tags normalize spaces to underscores.\"\"\"\n        platform_ = \"isilon onefs\"\n        monkeypatch.setattr(sysconfig, \"get_platform\", lambda: platform_)\n        assert list(tags._generic_platforms()) == [platform_.replace(\" \", \"_\")]\n\n    def test_iterator_returned(self):\n        result_iterator = tags.generic_tags(\"sillywalk33\", [\"abi\"], [\"plat1\", \"plat2\"])\n        assert isinstance(result_iterator, collections.abc.Iterator)\n\n    def test_all_args(self):\n        result_iterator = tags.generic_tags(\"sillywalk33\", [\"abi\"], [\"plat1\", \"plat2\"])\n        result = list(result_iterator)\n        assert result == [\n            tags.Tag(\"sillywalk33\", \"abi\", \"plat1\"),\n            tags.Tag(\"sillywalk33\", \"abi\", \"plat2\"),\n            tags.Tag(\"sillywalk33\", \"none\", \"plat1\"),\n            tags.Tag(\"sillywalk33\", \"none\", \"plat2\"),\n        ]\n\n    @pytest.mark.parametrize(\"abi\", [[], [\"none\"]])\n    def test_abi_unspecified(self, abi):\n        no_abi = list(tags.generic_tags(\"sillywalk34\", abi, [\"plat1\", \"plat2\"]))\n        assert no_abi == [\n            tags.Tag(\"sillywalk34\", \"none\", \"plat1\"),\n            tags.Tag(\"sillywalk34\", \"none\", \"plat2\"),\n        ]\n\n    def test_interpreter_default(self, monkeypatch):\n        monkeypatch.setattr(tags, \"interpreter_name\", lambda: \"sillywalk\")\n        monkeypatch.setattr(tags, \"interpreter_version\", lambda warn: \"NN\")\n        result = list(tags.generic_tags(abis=[\"none\"], platforms=[\"any\"]))\n        assert result == [tags.Tag(\"sillywalkNN\", \"none\", \"any\")]\n\n    def test_abis_default(self, monkeypatch):\n        monkeypatch.setattr(tags, \"_generic_abi\", lambda: [\"abi\"])\n        result = list(tags.generic_tags(interpreter=\"sillywalk\", platforms=[\"any\"]))\n        assert result == [\n            tags.Tag(\"sillywalk\", \"abi\", \"any\"),\n            tags.Tag(\"sillywalk\", \"none\", \"any\"),\n        ]\n\n    def test_platforms_default(self, monkeypatch):\n        monkeypatch.setattr(tags, \"platform_tags\", lambda: [\"plat\"])\n        result = list(tags.generic_tags(interpreter=\"sillywalk\", abis=[\"none\"]))\n        assert result == [tags.Tag(\"sillywalk\", \"none\", \"plat\")]\n\n\nclass TestCompatibleTags:\n    def test_all_args(self):\n        result = list(tags.compatible_tags((3, 3), \"cp33\", [\"plat1\", \"plat2\"]))\n        assert result == [\n            tags.Tag(\"py33\", \"none\", \"plat1\"),\n            tags.Tag(\"py33\", \"none\", \"plat2\"),\n            tags.Tag(\"py3\", \"none\", \"plat1\"),\n            tags.Tag(\"py3\", \"none\", \"plat2\"),\n            tags.Tag(\"py32\", \"none\", \"plat1\"),\n            tags.Tag(\"py32\", \"none\", \"plat2\"),\n            tags.Tag(\"py31\", \"none\", \"plat1\"),\n            tags.Tag(\"py31\", \"none\", \"plat2\"),\n            tags.Tag(\"py30\", \"none\", \"plat1\"),\n            tags.Tag(\"py30\", \"none\", \"plat2\"),\n            tags.Tag(\"cp33\", \"none\", \"any\"),\n            tags.Tag(\"py33\", \"none\", \"any\"),\n            tags.Tag(\"py3\", \"none\", \"any\"),\n            tags.Tag(\"py32\", \"none\", \"any\"),\n            tags.Tag(\"py31\", \"none\", \"any\"),\n            tags.Tag(\"py30\", \"none\", \"any\"),\n        ]\n\n    def test_all_args_needs_underscore(self):\n        result = list(tags.compatible_tags((3, 11), \"cp311\", [\"plat1\", \"plat2\"]))\n        assert result == [\n            tags.Tag(\"py311\", \"none\", \"plat1\"),\n            tags.Tag(\"py311\", \"none\", \"plat2\"),\n            tags.Tag(\"py3\", \"none\", \"plat1\"),\n            tags.Tag(\"py3\", \"none\", \"plat2\"),\n            tags.Tag(\"py310\", \"none\", \"plat1\"),\n            tags.Tag(\"py310\", \"none\", \"plat2\"),\n            tags.Tag(\"py39\", \"none\", \"plat1\"),\n            tags.Tag(\"py39\", \"none\", \"plat2\"),\n            tags.Tag(\"py38\", \"none\", \"plat1\"),\n            tags.Tag(\"py38\", \"none\", \"plat2\"),\n            tags.Tag(\"py37\", \"none\", \"plat1\"),\n            tags.Tag(\"py37\", \"none\", \"plat2\"),\n            tags.Tag(\"py36\", \"none\", \"plat1\"),\n            tags.Tag(\"py36\", \"none\", \"plat2\"),\n            tags.Tag(\"py35\", \"none\", \"plat1\"),\n            tags.Tag(\"py35\", \"none\", \"plat2\"),\n            tags.Tag(\"py34\", \"none\", \"plat1\"),\n            tags.Tag(\"py34\", \"none\", \"plat2\"),\n            tags.Tag(\"py33\", \"none\", \"plat1\"),\n            tags.Tag(\"py33\", \"none\", \"plat2\"),\n            tags.Tag(\"py32\", \"none\", \"plat1\"),\n            tags.Tag(\"py32\", \"none\", \"plat2\"),\n            tags.Tag(\"py31\", \"none\", \"plat1\"),\n            tags.Tag(\"py31\", \"none\", \"plat2\"),\n            tags.Tag(\"py30\", \"none\", \"plat1\"),\n            tags.Tag(\"py30\", \"none\", \"plat2\"),\n            tags.Tag(\"cp311\", \"none\", \"any\"),\n            tags.Tag(\"py311\", \"none\", \"any\"),\n            tags.Tag(\"py3\", \"none\", \"any\"),\n            tags.Tag(\"py310\", \"none\", \"any\"),\n            tags.Tag(\"py39\", \"none\", \"any\"),\n            tags.Tag(\"py38\", \"none\", \"any\"),\n            tags.Tag(\"py37\", \"none\", \"any\"),\n            tags.Tag(\"py36\", \"none\", \"any\"),\n            tags.Tag(\"py35\", \"none\", \"any\"),\n            tags.Tag(\"py34\", \"none\", \"any\"),\n            tags.Tag(\"py33\", \"none\", \"any\"),\n            tags.Tag(\"py32\", \"none\", \"any\"),\n            tags.Tag(\"py31\", \"none\", \"any\"),\n            tags.Tag(\"py30\", \"none\", \"any\"),\n        ]\n\n    def test_major_only_python_version(self):\n        result = list(tags.compatible_tags((3,), \"cp33\", [\"plat\"]))\n        assert result == [\n            tags.Tag(\"py3\", \"none\", \"plat\"),\n            tags.Tag(\"cp33\", \"none\", \"any\"),\n            tags.Tag(\"py3\", \"none\", \"any\"),\n        ]\n\n    def test_default_python_version(self, monkeypatch):\n        monkeypatch.setattr(sys, \"version_info\", (3, 1))\n        result = list(tags.compatible_tags(interpreter=\"cp31\", platforms=[\"plat\"]))\n        assert result == [\n            tags.Tag(\"py31\", \"none\", \"plat\"),\n            tags.Tag(\"py3\", \"none\", \"plat\"),\n            tags.Tag(\"py30\", \"none\", \"plat\"),\n            tags.Tag(\"cp31\", \"none\", \"any\"),\n            tags.Tag(\"py31\", \"none\", \"any\"),\n            tags.Tag(\"py3\", \"none\", \"any\"),\n            tags.Tag(\"py30\", \"none\", \"any\"),\n        ]\n\n    def test_default_python_version_needs_underscore(self, monkeypatch):\n        monkeypatch.setattr(sys, \"version_info\", (3, 11))\n        result = list(tags.compatible_tags(interpreter=\"cp311\", platforms=[\"plat\"]))\n        assert result == [\n            tags.Tag(\"py311\", \"none\", \"plat\"),\n            tags.Tag(\"py3\", \"none\", \"plat\"),\n            tags.Tag(\"py310\", \"none\", \"plat\"),\n            tags.Tag(\"py39\", \"none\", \"plat\"),\n            tags.Tag(\"py38\", \"none\", \"plat\"),\n            tags.Tag(\"py37\", \"none\", \"plat\"),\n            tags.Tag(\"py36\", \"none\", \"plat\"),\n            tags.Tag(\"py35\", \"none\", \"plat\"),\n            tags.Tag(\"py34\", \"none\", \"plat\"),\n            tags.Tag(\"py33\", \"none\", \"plat\"),\n            tags.Tag(\"py32\", \"none\", \"plat\"),\n            tags.Tag(\"py31\", \"none\", \"plat\"),\n            tags.Tag(\"py30\", \"none\", \"plat\"),\n            tags.Tag(\"cp311\", \"none\", \"any\"),\n            tags.Tag(\"py311\", \"none\", \"any\"),\n            tags.Tag(\"py3\", \"none\", \"any\"),\n            tags.Tag(\"py310\", \"none\", \"any\"),\n            tags.Tag(\"py39\", \"none\", \"any\"),\n            tags.Tag(\"py38\", \"none\", \"any\"),\n            tags.Tag(\"py37\", \"none\", \"any\"),\n            tags.Tag(\"py36\", \"none\", \"any\"),\n            tags.Tag(\"py35\", \"none\", \"any\"),\n            tags.Tag(\"py34\", \"none\", \"any\"),\n            tags.Tag(\"py33\", \"none\", \"any\"),\n            tags.Tag(\"py32\", \"none\", \"any\"),\n            tags.Tag(\"py31\", \"none\", \"any\"),\n            tags.Tag(\"py30\", \"none\", \"any\"),\n        ]\n\n    def test_default_interpreter(self):\n        result = list(tags.compatible_tags((3, 1), platforms=[\"plat\"]))\n        assert result == [\n            tags.Tag(\"py31\", \"none\", \"plat\"),\n            tags.Tag(\"py3\", \"none\", \"plat\"),\n            tags.Tag(\"py30\", \"none\", \"plat\"),\n            tags.Tag(\"py31\", \"none\", \"any\"),\n            tags.Tag(\"py3\", \"none\", \"any\"),\n            tags.Tag(\"py30\", \"none\", \"any\"),\n        ]\n\n    def test_default_platforms(self, monkeypatch):\n        monkeypatch.setattr(tags, \"platform_tags\", lambda: iter([\"plat\", \"plat2\"]))\n        result = list(tags.compatible_tags((3, 1), \"cp31\"))\n        assert result == [\n            tags.Tag(\"py31\", \"none\", \"plat\"),\n            tags.Tag(\"py31\", \"none\", \"plat2\"),\n            tags.Tag(\"py3\", \"none\", \"plat\"),\n            tags.Tag(\"py3\", \"none\", \"plat2\"),\n            tags.Tag(\"py30\", \"none\", \"plat\"),\n            tags.Tag(\"py30\", \"none\", \"plat2\"),\n            tags.Tag(\"cp31\", \"none\", \"any\"),\n            tags.Tag(\"py31\", \"none\", \"any\"),\n            tags.Tag(\"py3\", \"none\", \"any\"),\n            tags.Tag(\"py30\", \"none\", \"any\"),\n        ]\n\n\nclass TestSysTags:\n    def teardown_method(self):\n        # Clear the version cache\n        tags._glibc_version = []\n\n    @pytest.mark.parametrize(\n        \"name,expected\",\n        [(\"CPython\", \"cp\"), (\"PyPy\", \"pp\"), (\"Jython\", \"jy\"), (\"IronPython\", \"ip\")],\n    )\n    def test_interpreter_name(self, name, expected, mock_interpreter_name):\n        mock_interpreter_name(name)\n        assert tags.interpreter_name() == expected\n\n    def test_iterator(self):\n        assert isinstance(tags.sys_tags(), collections.abc.Iterator)\n\n    def test_mac_cpython(self, mock_interpreter_name, monkeypatch):\n        if mock_interpreter_name(\"CPython\"):\n            monkeypatch.setattr(tags, \"_cpython_abis\", lambda *a: [\"cp33m\"])\n        if platform.system() != \"Darwin\":\n            monkeypatch.setattr(platform, \"system\", lambda: \"Darwin\")\n            monkeypatch.setattr(tags, \"mac_platforms\", lambda: [\"macosx_10_5_x86_64\"])\n        abis = tags._cpython_abis(sys.version_info[:2])\n        platforms = list(tags.mac_platforms())\n        result = list(tags.sys_tags())\n        assert len(abis) == 1\n        assert result[0] == tags.Tag(\n            \"cp\" + tags._version_nodot(sys.version_info[:2]), abis[0], platforms[0]\n        )\n        assert result[-1] == tags.Tag(\n            \"py\" + tags._version_nodot((sys.version_info[0], 0)), \"none\", \"any\"\n        )\n\n    def test_windows_cpython(self, mock_interpreter_name, monkeypatch):\n        if mock_interpreter_name(\"CPython\"):\n            monkeypatch.setattr(tags, \"_cpython_abis\", lambda *a: [\"cp33m\"])\n        if platform.system() != \"Windows\":\n            monkeypatch.setattr(platform, \"system\", lambda: \"Windows\")\n            monkeypatch.setattr(tags, \"_generic_platforms\", lambda: [\"win_amd64\"])\n        abis = list(tags._cpython_abis(sys.version_info[:2]))\n        platforms = list(tags._generic_platforms())\n        result = list(tags.sys_tags())\n        interpreter = \"cp\" + tags._version_nodot(sys.version_info[:2])\n        assert len(abis) == 1\n        expected = tags.Tag(interpreter, abis[0], platforms[0])\n        assert result[0] == expected\n        expected = tags.Tag(\n            \"py\" + tags._version_nodot((sys.version_info[0], 0)), \"none\", \"any\"\n        )\n        assert result[-1] == expected\n\n    def test_linux_cpython(self, mock_interpreter_name, monkeypatch):\n        if mock_interpreter_name(\"CPython\"):\n            monkeypatch.setattr(tags, \"_cpython_abis\", lambda *a: [\"cp33m\"])\n        if platform.system() != \"Linux\":\n            monkeypatch.setattr(platform, \"system\", lambda: \"Linux\")\n            monkeypatch.setattr(tags, \"_linux_platforms\", lambda: [\"linux_x86_64\"])\n        abis = list(tags._cpython_abis(sys.version_info[:2]))\n        platforms = list(tags._linux_platforms())\n        result = list(tags.sys_tags())\n        expected_interpreter = \"cp\" + tags._version_nodot(sys.version_info[:2])\n        assert len(abis) == 1\n        assert result[0] == tags.Tag(expected_interpreter, abis[0], platforms[0])\n        expected = tags.Tag(\n            \"py\" + tags._version_nodot((sys.version_info[0], 0)), \"none\", \"any\"\n        )\n        assert result[-1] == expected\n\n    def test_generic(self, monkeypatch):\n        monkeypatch.setattr(platform, \"system\", lambda: \"Generic\")\n        monkeypatch.setattr(tags, \"interpreter_name\", lambda: \"generic\")\n\n        result = list(tags.sys_tags())\n        expected = tags.Tag(\n            \"py\" + tags._version_nodot((sys.version_info[0], 0)), \"none\", \"any\"\n        )\n        assert result[-1] == expected\n\n    def test_linux_platforms_manylinux2014_armv6l(self, monkeypatch, manylinux_module):\n        monkeypatch.setattr(sysconfig, \"get_platform\", lambda: \"linux_armv6l\")\n        monkeypatch.setattr(os, \"confstr\", lambda x: \"glibc 2.20\", raising=False)\n        platforms = list(tags._linux_platforms(is_32bit=True))\n        expected = [\"linux_armv6l\"]\n        assert platforms == expected\n\n    def test_skip_manylinux_2014(self, monkeypatch, manylinux_module):\n        monkeypatch.setattr(sysconfig, \"get_platform\", lambda: \"linux_ppc64\")\n        monkeypatch.setattr(tags._manylinux, \"_get_glibc_version\", lambda: (2, 20))\n        monkeypatch.setattr(\n            manylinux_module, \"manylinux2014_compatible\", False, raising=False\n        )\n        expected = [\n            \"manylinux_2_20_ppc64\",\n            \"manylinux_2_19_ppc64\",\n            \"manylinux_2_18_ppc64\",\n            # \"manylinux2014_ppc64\",  # this one is skipped\n            # \"manylinux_2_17_ppc64\", # this one is also skipped\n            \"linux_ppc64\",\n        ]\n        platforms = list(tags._linux_platforms())\n        assert platforms == expected\n\n    @pytest.mark.parametrize(\n        \"machine, abi, alt_machine\",\n        [(\"x86_64\", \"x32\", \"i686\"), (\"armv7l\", \"armel\", \"armv7l\")],\n    )\n    def test_linux_platforms_not_manylinux_abi(\n        self, monkeypatch, manylinux_module, machine, abi, alt_machine\n    ):\n        monkeypatch.setattr(sysconfig, \"get_platform\", lambda: f\"linux_{machine}\")\n        monkeypatch.setattr(\n            sys,\n            \"executable\",\n            os.path.join(\n                os.path.dirname(__file__),\n                \"manylinux\",\n                f\"hello-world-{machine}-{abi}\",\n            ),\n        )\n        platforms = list(tags._linux_platforms(is_32bit=True))\n        expected = [f\"linux_{alt_machine}\"]\n        assert platforms == expected\n\n    @pytest.mark.parametrize(\n        \"machine, major, minor, tf\", [(\"x86_64\", 2, 20, False), (\"s390x\", 2, 22, True)]\n    )\n    def test_linux_use_manylinux_compatible(\n        self, monkeypatch, manylinux_module, machine, major, minor, tf\n    ):\n        def manylinux_compatible(tag_major, tag_minor, tag_arch):\n            if tag_major == 2 and tag_minor == 22:\n                return tag_arch == \"s390x\"\n            return False\n\n        monkeypatch.setattr(\n            tags._manylinux,\n            \"_get_glibc_version\",\n            lambda: (major, minor),\n        )\n        monkeypatch.setattr(sysconfig, \"get_platform\", lambda: f\"linux_{machine}\")\n        monkeypatch.setattr(\n            manylinux_module,\n            \"manylinux_compatible\",\n            manylinux_compatible,\n            raising=False,\n        )\n        platforms = list(tags._linux_platforms(is_32bit=False))\n        if tf:\n            expected = [f\"manylinux_2_22_{machine}\"]\n        else:\n            expected = []\n        expected.append(f\"linux_{machine}\")\n        assert platforms == expected\n\n    def test_linux_use_manylinux_compatible_none(self, monkeypatch, manylinux_module):\n        def manylinux_compatible(tag_major, tag_minor, tag_arch):\n            if tag_major == 2 and tag_minor < 25:\n                return False\n            return None\n\n        monkeypatch.setattr(tags._manylinux, \"_get_glibc_version\", lambda: (2, 30))\n        monkeypatch.setattr(sysconfig, \"get_platform\", lambda: \"linux_x86_64\")\n        monkeypatch.setattr(\n            manylinux_module,\n            \"manylinux_compatible\",\n            manylinux_compatible,\n            raising=False,\n        )\n        platforms = list(tags._linux_platforms(is_32bit=False))\n        expected = [\n            \"manylinux_2_30_x86_64\",\n            \"manylinux_2_29_x86_64\",\n            \"manylinux_2_28_x86_64\",\n            \"manylinux_2_27_x86_64\",\n            \"manylinux_2_26_x86_64\",\n            \"manylinux_2_25_x86_64\",\n            \"linux_x86_64\",\n        ]\n        assert platforms == expected\n\n    def test_pypy_first_none_any_tag(self, monkeypatch):\n        # When building the complete list of pypy tags, make sure the first\n        # <interpreter>-none-any one is pp3-none-any\n        monkeypatch.setattr(tags, \"interpreter_name\", lambda: \"pp\")\n\n        for tag in tags.sys_tags():\n            if tag.abi == \"none\" and tag.platform == \"any\":\n                break\n\n        assert tag == tags.Tag(\"pp3\", \"none\", \"any\")\n\n    def test_cpython_first_none_any_tag(self, monkeypatch):\n        # When building the complete list of cpython tags, make sure the first\n        # <interpreter>-none-any one is cpxx-none-any\n        monkeypatch.setattr(tags, \"interpreter_name\", lambda: \"cp\")\n\n        # Find the first tag that is ABI- and platform-agnostic.\n        for tag in tags.sys_tags():\n            if tag.abi == \"none\" and tag.platform == \"any\":\n                break\n\n        interpreter = f\"cp{tags.interpreter_version()}\"\n        assert tag == tags.Tag(interpreter, \"none\", \"any\")\n\n\nclass TestBitness:\n    def teardown_method(self):\n        importlib.reload(tags)\n\n    @pytest.mark.parametrize(\n        \"maxsize, sizeof_voidp, expected\",\n        [\n            # 64-bit\n            (9223372036854775807, 8, False),\n            # 32-bit\n            (2147483647, 4, True),\n            # 64-bit w/ 32-bit sys.maxsize: GraalPy, IronPython, Jython\n            (2147483647, 8, False),\n        ],\n    )\n    def test_32bit_interpreter(self, maxsize, sizeof_voidp, expected, monkeypatch):\n        def _calcsize(fmt):\n            assert fmt == \"P\"\n            return sizeof_voidp\n\n        monkeypatch.setattr(sys, \"maxsize\", maxsize)\n        monkeypatch.setattr(struct, \"calcsize\", _calcsize)\n        importlib.reload(tags)\n        assert tags._32_BIT_INTERPRETER == expected\n",
        "language": "python",
        "line": 1,
        "path": "tests/test_tags.py",
        "symbols": [
          "Tag",
          "TestBitness",
          "TestCPythonABI",
          "TestCPythonTags",
          "TestCompatibleTags",
          "TestGenericTags",
          "TestInterpreterName",
          "TestInterpreterVersion",
          "TestMacOSPlatforms",
          "TestManylinuxPlatform",
          "TestParseTag",
          "TestSysTags",
          "TestTag",
          "Version",
          "abi",
          "check",
          "compatible_tags",
          "cpython_tags",
          "example_tag",
          "generic_tags",
          "interpreter",
          "interpreter_name",
          "interpreter_version",
          "mac_platforms",
          "major",
          "manylinux_module",
          "minor",
          "mock_interpreter_name",
          "parse_tag",
          "platform",
          "platform_tags",
          "pre",
          "sys_tags",
          "teardown_method",
          "test_32bit_interpreter",
          "test__debug_cp38",
          "test__generic_abi_agree",
          "test__generic_abi_disable_gil",
          "test__generic_abi_error",
          "test__generic_abi_graal",
          "test__generic_abi_jp",
          "test__generic_abi_linux_cpython",
          "test__generic_abi_linux_pypy",
          "test__generic_abi_macos",
          "test__generic_abi_none",
          "test__generic_abi_old_windows",
          "test__generic_abi_windows",
          "test_abi3_python33",
          "test_abi_defaults",
          "test_abi_defaults_needs_underscore",
          "test_abi_unspecified",
          "test_abis_default",
          "test_all_args",
          "test_all_args_needs_underscore",
          "test_arch_detection",
          "test_architectures",
          "test_attribute_access",
          "test_binary_formats",
          "test_cpython_first_none_any_tag",
          "test_debug",
          "test_debug_file_extension",
          "test_default_interpreter",
          "test_default_platforms",
          "test_default_python_version",
          "test_default_python_version_needs_underscore",
          "test_equality",
          "test_equality_fails_with_non_tag",
          "test_generic",
          "test_generic_platforms",
          "test_generic_platforms_space",
          "test_get_config_var_does_log",
          "test_get_config_var_does_not_log",
          "test_hash_equality",
          "test_hashing",
          "test_interpreter_default",
          "test_interpreter_name",
          "test_interpreter_short_names",
          "test_iterator",
          "test_iterator_returned",
          "test_linux_cpython",
          "test_linux_not_linux",
          "test_linux_platforms_32_64bit_on_64bit_os",
          "test_linux_platforms_manylinux1",
          "test_linux_platforms_manylinux2010",
          "test_linux_platforms_manylinux2014",
          "test_linux_platforms_manylinux2014_armhf_abi",
          "test_linux_platforms_manylinux2014_armv6l",
          "test_linux_platforms_manylinux2014_i386_abi",
          "test_linux_platforms_manylinux_glibc3",
          "test_linux_platforms_manylinux_unsupported",
          "test_linux_platforms_musllinux",
          "test_linux_platforms_not_manylinux_abi",
          "test_linux_use_manylinux_compatible",
          "test_linux_use_manylinux_compatible_none",
          "test_lowercasing",
          "test_mac_cpython",
          "test_mac_platforms",
          "test_macos_11",
          "test_major_only_python_version",
          "test_major_only_python_version_with_default_abis",
          "test_multi_interpreter",
          "test_multi_platform",
          "test_no_abi3_python27",
          "test_no_abi3_python31",
          "test_no_excess_abi3_python32",
          "test_platform_name_space_normalization",
          "test_platform_tags",
          "test_platform_tags_space",
          "test_platforms_default",
          "test_platforms_defaults",
          "test_platforms_defaults_needs_underscore",
          "test_pymalloc",
          "test_pypy_first_none_any_tag",
          "test_python_version_defaults",
          "test_python_version_nodot",
          "test_repr",
          "test_simple",
          "test_skip_manylinux_2014",
          "test_skip_redundant_abis",
          "test_str",
          "test_sys_implementation_name",
          "test_sys_version_info",
          "test_version_detection",
          "test_version_detection_10_15",
          "test_version_detection_compatibility",
          "test_warn",
          "test_wide_unicode",
          "test_windows_cpython",
          "version"
        ]
      },
      {
        "code": "import pathlib\n\nimport pytest\n\nfrom packaging import metadata, requirements, specifiers, utils, version\nfrom packaging.metadata import ExceptionGroup\n\n\nclass TestRawMetadata:\n    @pytest.mark.parametrize(\"raw_field\", metadata._STRING_FIELDS)\n    def test_non_repeating_fields_only_once(self, raw_field):\n        data = \"VaLuE\"\n        header_field = metadata._RAW_TO_EMAIL_MAPPING[raw_field]\n        single_header = f\"{header_field}: {data}\"\n        raw, unparsed = metadata.parse_email(single_header)\n        assert not unparsed\n        assert len(raw) == 1\n        assert raw_field in raw\n        assert raw[raw_field] == data\n\n    @pytest.mark.parametrize(\"raw_field\", metadata._STRING_FIELDS)\n    def test_non_repeating_fields_repeated(self, raw_field):\n        header_field = metadata._RAW_TO_EMAIL_MAPPING[raw_field]\n        data = \"VaLuE\"\n        single_header = f\"{header_field}: {data}\"\n        repeated_header = \"\\n\".join([single_header] * 2)\n        raw, unparsed = metadata.parse_email(repeated_header)\n        assert not raw\n        assert len(unparsed) == 1\n        assert header_field in unparsed\n        assert unparsed[header_field] == [data] * 2\n\n    @pytest.mark.parametrize(\"raw_field\", metadata._LIST_FIELDS)\n    def test_repeating_fields_only_once(self, raw_field):\n        data = \"VaLuE\"\n        header_field = metadata._RAW_TO_EMAIL_MAPPING[raw_field]\n        single_header = f\"{header_field}: {data}\"\n        raw, unparsed = metadata.parse_email(single_header)\n        assert not unparsed\n        assert len(raw) == 1\n        assert raw_field in raw\n        assert raw[raw_field] == [data]\n\n    @pytest.mark.parametrize(\"raw_field\", metadata._LIST_FIELDS)\n    def test_repeating_fields_repeated(self, raw_field):\n        header_field = metadata._RAW_TO_EMAIL_MAPPING[raw_field]\n        data = \"VaLuE\"\n        single_header = f\"{header_field}: {data}\"\n        repeated_header = \"\\n\".join([single_header] * 2)\n        raw, unparsed = metadata.parse_email(repeated_header)\n        assert not unparsed\n        assert len(raw) == 1\n        assert raw_field in raw\n        assert raw[raw_field] == [data] * 2\n\n    @pytest.mark.parametrize(\n        [\"given\", \"expected\"],\n        [\n            (\"A\", [\"A\"]),\n            (\"A \", [\"A\"]),\n            (\" A\", [\"A\"]),\n            (\"A, B\", [\"A\", \"B\"]),\n            (\"A,B\", [\"A\", \"B\"]),\n            (\" A, B\", [\"A\", \"B\"]),\n            (\"A,B \", [\"A\", \"B\"]),\n            (\"A B\", [\"A B\"]),\n        ],\n    )\n    def test_keywords(self, given, expected):\n        header = f\"Keywords: {given}\"\n        raw, unparsed = metadata.parse_email(header)\n        assert not unparsed\n        assert len(raw) == 1\n        assert \"keywords\" in raw\n        assert raw[\"keywords\"] == expected\n\n    @pytest.mark.parametrize(\n        [\"given\", \"expected\"],\n        [\n            (\"\", {\"\": \"\"}),\n            (\"A\", {\"A\": \"\"}),\n            (\"A,B\", {\"A\": \"B\"}),\n            (\"A, B\", {\"A\": \"B\"}),\n            (\" A,B\", {\"A\": \"B\"}),\n            (\"A,B \", {\"A\": \"B\"}),\n            (\"A,B,C\", {\"A\": \"B,C\"}),\n        ],\n    )\n    def test_project_urls_parsing(self, given, expected):\n        header = f\"project-url: {given}\"\n        raw, unparsed = metadata.parse_email(header)\n        assert not unparsed\n        assert len(raw) == 1\n        assert \"project_urls\" in raw\n        assert raw[\"project_urls\"] == expected\n\n    def test_duplicate_project_urls(self):\n        header = \"project-url: A, B\\nproject-url: A, C\"\n        raw, unparsed = metadata.parse_email(header)\n        assert not raw\n        assert len(unparsed) == 1\n        assert \"project-url\" in unparsed\n        assert unparsed[\"project-url\"] == [\"A, B\", \"A, C\"]\n\n    def test_str_input(self):\n        name = \"Tarek Ziad\u00e9\"\n        header = f\"author: {name}\"\n        raw, unparsed = metadata.parse_email(header)\n        assert not unparsed\n        assert len(raw) == 1\n        assert \"author\" in raw\n        assert raw[\"author\"] == name\n\n    def test_bytes_input(self):\n        name = \"Tarek Ziad\u00e9\"\n        header = f\"author: {name}\".encode()\n        raw, unparsed = metadata.parse_email(header)\n        assert not unparsed\n        assert len(raw) == 1\n        assert \"author\" in raw\n        assert raw[\"author\"] == name\n\n    def test_header_mojibake(self):\n        value = \"\\xc0msterdam\"\n        header_name = \"value\"\n        header_bytes = f\"{header_name}: {value}\".encode(\"latin1\")\n        raw, unparsed = metadata.parse_email(header_bytes)\n        # Sanity check\n        with pytest.raises(UnicodeDecodeError):\n            header_bytes.decode(\"utf-8\")\n        assert not raw\n        assert len(unparsed) == 1\n        assert header_name in unparsed\n        assert unparsed[header_name] == [value]\n\n    @pytest.mark.parametrize(\n        [\"given\"], [(\"hello\",), (\"description: hello\",), (b\"hello\",)]\n    )\n    def test_description(self, given):\n        raw, unparsed = metadata.parse_email(given)\n        assert not unparsed\n        assert len(raw) == 1\n        assert \"description\" in raw\n        assert raw[\"description\"] == \"hello\"\n\n    def test_description_non_utf8(self):\n        header = \"\\xc0msterdam\"\n        header_bytes = header.encode(\"latin1\")\n        raw, unparsed = metadata.parse_email(header_bytes)\n        assert not raw\n        assert len(unparsed) == 1\n        assert \"description\" in unparsed\n        assert unparsed[\"description\"] == [header_bytes]\n\n    @pytest.mark.parametrize(\n        [\"given\", \"expected\"],\n        [\n            (\"description: 1\\ndescription: 2\", [\"1\", \"2\"]),\n            (\"description: 1\\n\\n2\", [\"1\", \"2\"]),\n            (\"description: 1\\ndescription: 2\\n\\n3\", [\"1\", \"2\", \"3\"]),\n        ],\n    )\n    def test_description_multiple(self, given, expected):\n        raw, unparsed = metadata.parse_email(given)\n        assert not raw\n        assert len(unparsed) == 1\n        assert \"description\" in unparsed\n        assert unparsed[\"description\"] == expected\n\n    def test_lowercase_keys(self):\n        header = \"AUTHOR: Tarek Ziad\u00e9\\nWhatever: Else\"\n        raw, unparsed = metadata.parse_email(header)\n        assert len(raw) == 1\n        assert \"author\" in raw\n        assert len(unparsed) == 1\n        assert \"whatever\" in unparsed\n\n    def test_complete(self):\n        \"\"\"Test all fields (except `Obsoletes-Dist`).\n\n        `Obsoletes-Dist` was sacrificed to provide a value for `Dynamic`.\n        \"\"\"\n        path = pathlib.Path(__file__).parent / \"metadata\" / \"everything.metadata\"\n        with path.open(\"r\", encoding=\"utf-8\") as file:\n            metadata_contents = file.read()\n        raw, unparsed = metadata.parse_email(metadata_contents)\n        assert len(unparsed) == 1\n        assert unparsed[\"thisisnotreal\"] == [\"Hello!\"]\n        assert len(raw) == 24\n        assert raw[\"metadata_version\"] == \"2.3\"\n        assert raw[\"name\"] == \"BeagleVote\"\n        assert raw[\"version\"] == \"1.0a2\"\n        assert raw[\"platforms\"] == [\"ObscureUnix\", \"RareDOS\"]\n        assert raw[\"supported_platforms\"] == [\"RedHat 7.2\", \"i386-win32-2791\"]\n        assert raw[\"summary\"] == \"A module for collecting votes from beagles.\"\n        assert (\n            raw[\"description_content_type\"]\n            == \"text/markdown; charset=UTF-8; variant=GFM\"\n        )\n        assert raw[\"keywords\"] == [\"dog\", \"puppy\", \"voting\", \"election\"]\n        assert raw[\"home_page\"] == \"http://www.example.com/~cschultz/bvote/\"\n        assert raw[\"download_url\"] == \"\u2026/BeagleVote-0.45.tgz\"\n        assert raw[\"author\"] == (\n            \"C. Schultz, Universal Features Syndicate,\\n\"\n            \"        Los Angeles, CA <cschultz@peanuts.example.com>\"\n        )\n        assert raw[\"author_email\"] == '\"C. Schultz\" <cschultz@example.com>'\n        assert raw[\"maintainer\"] == (\n            \"C. Schultz, Universal Features Syndicate,\\n\"\n            \"        Los Angeles, CA <cschultz@peanuts.example.com>\"\n        )\n        assert raw[\"maintainer_email\"] == '\"C. Schultz\" <cschultz@example.com>'\n        assert raw[\"license\"] == (\n            \"This software may only be obtained by sending the\\n\"\n            \"        author a postcard, and then the user promises not\\n\"\n            \"        to redistribute it.\"\n        )\n        assert raw[\"classifiers\"] == [\n            \"Development Status :: 4 - Beta\",\n            \"Environment :: Console (Text Based)\",\n        ]\n        assert raw[\"provides_extra\"] == [\"pdf\"]\n        assert raw[\"requires_dist\"] == [\n            \"reportlab; extra == 'pdf'\",\n            \"pkginfo\",\n            \"PasteDeploy\",\n            \"zope.interface (>3.5.0)\",\n            \"pywin32 >1.0; sys_platform == 'win32'\",\n        ]\n        assert raw[\"requires_python\"] == \">=3\"\n        assert raw[\"requires_external\"] == [\n            \"C\",\n            \"libpng (>=1.5)\",\n            'make; sys_platform != \"win32\"',\n        ]\n        assert raw[\"project_urls\"] == {\n            \"Bug Tracker\": \"http://bitbucket.org/tarek/distribute/issues/\",\n            \"Documentation\": \"https://example.com/BeagleVote\",\n        }\n        assert raw[\"provides_dist\"] == [\n            \"OtherProject\",\n            \"AnotherProject (3.4)\",\n            'virtual_package; python_version >= \"3.4\"',\n        ]\n        assert raw[\"dynamic\"] == [\"Obsoletes-Dist\"]\n        assert raw[\"description\"] == \"This description intentionally left blank.\\n\"\n\n\nclass TestExceptionGroup:\n    def test_attributes(self):\n        individual_exception = Exception(\"not important\")\n        exc = metadata.ExceptionGroup(\"message\", [individual_exception])\n        assert exc.message == \"message\"\n        assert list(exc.exceptions) == [individual_exception]\n\n    def test_repr(self):\n        individual_exception = RuntimeError(\"not important\")\n        exc = metadata.ExceptionGroup(\"message\", [individual_exception])\n        assert individual_exception.__class__.__name__ in repr(exc)\n\n\n_RAW_EXAMPLE = {\n    \"metadata_version\": \"2.3\",\n    \"name\": \"packaging\",\n    \"version\": \"2023.0.0\",\n}\n\n\nclass TestMetadata:\n    def _invalid_with_cause(self, meta, attr, cause=None, *, field=None):\n        if field is None:\n            field = attr\n        with pytest.raises(metadata.InvalidMetadata) as exc_info:\n            getattr(meta, attr)\n        exc = exc_info.value\n        assert exc.field == field\n        if cause is None:\n            assert exc.__cause__ is None\n        else:\n            assert isinstance(exc.__cause__, cause)\n\n    def test_from_email(self):\n        metadata_version = \"2.3\"\n        meta = metadata.Metadata.from_email(\n            f\"Metadata-Version: {metadata_version}\", validate=False\n        )\n\n        assert meta.metadata_version == metadata_version\n\n    def test_from_email_unparsed(self):\n        with pytest.raises(ExceptionGroup) as exc_info:\n            metadata.Metadata.from_email(\"Hello: PyPA\")\n\n            assert len(exc_info.exceptions) == 1\n            assert isinstance(exc_info.exceptions[0], metadata.InvalidMetadata)\n\n    def test_from_email_validate(self):\n        with pytest.raises(ExceptionGroup):\n            # Lacking all required fields.\n            metadata.Metadata.from_email(\"Name: packaging\", validate=True)\n\n    def test_from_email_unparsed_valid_field_name(self):\n        with pytest.raises(ExceptionGroup):\n            metadata.Metadata.from_email(\n                \"Project-URL: A, B\\nProject-URL: A, C\", validate=True\n            )\n\n    def test_required_fields(self):\n        meta = metadata.Metadata.from_raw(_RAW_EXAMPLE)\n\n        assert meta.metadata_version == _RAW_EXAMPLE[\"metadata_version\"]\n\n    @pytest.mark.parametrize(\"field\", list(_RAW_EXAMPLE.keys()))\n    def test_required_fields_missing(self, field):\n        required_fields = _RAW_EXAMPLE.copy()\n\n        del required_fields[field]\n\n        with pytest.raises(ExceptionGroup):\n            metadata.Metadata.from_raw(required_fields)\n\n    def test_raw_validate_unrecognized_field(self):\n        raw = {\n            \"metadata_version\": \"2.3\",\n            \"name\": \"packaging\",\n            \"version\": \"2023.0.0\",\n        }\n\n        # Safety check.\n        assert metadata.Metadata.from_raw(raw, validate=True)\n\n        raw[\"dynamc\"] = [\"Obsoletes-Dist\"]  # Misspelled; missing an \"i\".\n\n        with pytest.raises(ExceptionGroup):\n            metadata.Metadata.from_raw(raw, validate=True)\n\n    def test_raw_data_not_mutated(self):\n        raw = _RAW_EXAMPLE.copy()\n        meta = metadata.Metadata.from_raw(raw, validate=True)\n\n        assert meta.version == version.Version(_RAW_EXAMPLE[\"version\"])\n        assert raw == _RAW_EXAMPLE\n\n    def test_caching(self):\n        meta = metadata.Metadata.from_raw(_RAW_EXAMPLE, validate=True)\n\n        assert meta.version is meta.version\n\n    def test_from_raw_validate(self):\n        required_fields = _RAW_EXAMPLE.copy()\n        required_fields[\"version\"] = \"-----\"\n\n        with pytest.raises(ExceptionGroup):\n            # Multiple things to trigger a validation error:\n            # invalid version, missing keys, etc.\n            metadata.Metadata.from_raw(required_fields)\n\n    @pytest.mark.parametrize(\"meta_version\", [\"2.2\", \"2.3\"])\n    def test_metadata_version_field_introduction(self, meta_version):\n        raw = {\n            \"metadata_version\": meta_version,\n            \"name\": \"packaging\",\n            \"version\": \"2023.0.0\",\n            \"dynamic\": [\"Obsoletes-Dist\"],  # Introduced in 2.2.\n        }\n\n        assert metadata.Metadata.from_raw(raw, validate=True)\n\n    @pytest.mark.parametrize(\"meta_version\", [\"1.0\", \"1.1\", \"1.2\", \"2.1\"])\n    def test_metadata_version_field_introduction_mismatch(self, meta_version):\n        raw = {\n            \"metadata_version\": meta_version,\n            \"name\": \"packaging\",\n            \"version\": \"2023.0.0\",\n            \"dynamic\": [\"Obsoletes-Dist\"],  # Introduced in 2.2.\n        }\n\n        with pytest.raises(ExceptionGroup):\n            metadata.Metadata.from_raw(raw, validate=True)\n\n    @pytest.mark.parametrize(\n        \"attribute\",\n        [\n            \"description\",\n            \"home_page\",\n            \"download_url\",\n            \"author\",\n            \"author_email\",\n            \"maintainer\",\n            \"maintainer_email\",\n            \"license\",\n        ],\n    )\n    def test_single_value_unvalidated_attribute(self, attribute):\n        value = \"Not important\"\n        meta = metadata.Metadata.from_raw({attribute: value}, validate=False)\n\n        assert getattr(meta, attribute) == value\n\n    @pytest.mark.parametrize(\n        \"attribute\",\n        [\n            \"supported_platforms\",\n            \"platforms\",\n            \"classifiers\",\n            \"provides_dist\",\n            \"obsoletes_dist\",\n            \"requires\",\n            \"provides\",\n            \"obsoletes\",\n        ],\n    )\n    def test_multi_value_unvalidated_attribute(self, attribute):\n        values = [\"Not important\", \"Still not important\"]\n        meta = metadata.Metadata.from_raw({attribute: values}, validate=False)\n\n        assert getattr(meta, attribute) == values\n\n    @pytest.mark.parametrize(\"version\", [\"1.0\", \"1.1\", \"1.2\", \"2.1\", \"2.2\", \"2.3\"])\n    def test_valid_metadata_version(self, version):\n        meta = metadata.Metadata.from_raw({\"metadata_version\": version}, validate=False)\n\n        assert meta.metadata_version == version\n\n    @pytest.mark.parametrize(\"version\", [\"1.3\", \"2.0\"])\n    def test_invalid_metadata_version(self, version):\n        meta = metadata.Metadata.from_raw({\"metadata_version\": version}, validate=False)\n\n        with pytest.raises(metadata.InvalidMetadata):\n            meta.metadata_version\n\n    def test_valid_version(self):\n        version_str = \"1.2.3\"\n        meta = metadata.Metadata.from_raw({\"version\": version_str}, validate=False)\n        assert meta.version == version.parse(version_str)\n\n    def test_missing_version(self):\n        meta = metadata.Metadata.from_raw({}, validate=False)\n        with pytest.raises(metadata.InvalidMetadata) as exc_info:\n            meta.version\n        assert exc_info.value.field == \"version\"\n\n    def test_invalid_version(self):\n        meta = metadata.Metadata.from_raw({\"version\": \"a.b.c\"}, validate=False)\n        self._invalid_with_cause(meta, \"version\", version.InvalidVersion)\n\n    def test_valid_summary(self):\n        summary = \"Hello\"\n        meta = metadata.Metadata.from_raw({\"summary\": summary}, validate=False)\n\n        assert meta.summary == summary\n\n    def test_invalid_summary(self):\n        meta = metadata.Metadata.from_raw(\n            {\"summary\": \"Hello\\n    Again\"}, validate=False\n        )\n\n        with pytest.raises(metadata.InvalidMetadata) as exc_info:\n            meta.summary\n        assert exc_info.value.field == \"summary\"\n\n    def test_valid_name(self):\n        name = \"Hello_World\"\n        meta = metadata.Metadata.from_raw({\"name\": name}, validate=False)\n        assert meta.name == name\n\n    def test_invalid_name(self):\n        meta = metadata.Metadata.from_raw({\"name\": \"-not-legal\"}, validate=False)\n        self._invalid_with_cause(meta, \"name\", utils.InvalidName)\n\n    @pytest.mark.parametrize(\n        \"content_type\",\n        [\n            \"text/plain\",\n            \"TEXT/PLAIN\",\n            \"text/x-rst\",\n            \"text/markdown\",\n            \"text/plain; charset=UTF-8\",\n            \"text/x-rst; charset=UTF-8\",\n            \"text/markdown; charset=UTF-8; variant=GFM\",\n            \"text/markdown; charset=UTF-8; variant=CommonMark\",\n            \"text/markdown; variant=GFM\",\n            \"text/markdown; variant=CommonMark\",\n        ],\n    )\n    def test_valid_description_content_type(self, content_type):\n        meta = metadata.Metadata.from_raw(\n            {\"description_content_type\": content_type}, validate=False\n        )\n\n        assert meta.description_content_type == content_type\n\n    @pytest.mark.parametrize(\n        \"content_type\",\n        [\n            \"application/json\",\n            \"text/plain; charset=ascii\",\n            \"text/plain; charset=utf-8\",\n            \"text/markdown; variant=gfm\",\n            \"text/markdown; variant=commonmark\",\n        ],\n    )\n    def test_invalid_description_content_type(self, content_type):\n        meta = metadata.Metadata.from_raw(\n            {\"description_content_type\": content_type}, validate=False\n        )\n\n        with pytest.raises(metadata.InvalidMetadata):\n            meta.description_content_type\n\n    def test_keywords(self):\n        keywords = [\"hello\", \"world\"]\n        meta = metadata.Metadata.from_raw({\"keywords\": keywords}, validate=False)\n\n        assert meta.keywords == keywords\n\n    def test_valid_project_urls(self):\n        urls = {\n            \"Documentation\": \"https://example.com/BeagleVote\",\n            \"Bug Tracker\": \"http://bitbucket.org/tarek/distribute/issues/\",\n        }\n        meta = metadata.Metadata.from_raw({\"project_urls\": urls}, validate=False)\n\n        assert meta.project_urls == urls\n\n    @pytest.mark.parametrize(\"specifier\", [\">=3\", \">2.6,!=3.0.*,!=3.1.*\", \"~=2.6\"])\n    def test_valid_requires_python(self, specifier):\n        expected = specifiers.SpecifierSet(specifier)\n        meta = metadata.Metadata.from_raw(\n            {\"requires_python\": specifier}, validate=False\n        )\n\n        assert meta.requires_python == expected\n\n    def test_invalid_requires_python(self):\n        meta = metadata.Metadata.from_raw(\n            {\"requires_python\": \"NotReal\"}, validate=False\n        )\n        self._invalid_with_cause(\n            meta,\n            \"requires_python\",\n            specifiers.InvalidSpecifier,\n            field=\"requires-python\",\n        )\n\n    def test_requires_external(self):\n        externals = [\n            \"C\",\n            \"libpng (>=1.5)\",\n            'make; sys_platform != \"win32\"',\n            \"libjpeg (>6b)\",\n        ]\n        meta = metadata.Metadata.from_raw(\n            {\"requires_external\": externals}, validate=False\n        )\n\n        assert meta.requires_external == externals\n\n    def test_valid_provides_extra(self):\n        extras = [\"dev\", \"test\"]\n        meta = metadata.Metadata.from_raw({\"provides_extra\": extras}, validate=False)\n\n        assert meta.provides_extra == extras\n\n    def test_invalid_provides_extra(self):\n        extras = [\"pdf\", \"-Not-Valid\", \"ok\"]\n        meta = metadata.Metadata.from_raw({\"provides_extra\": extras}, validate=False)\n        self._invalid_with_cause(\n            meta, \"provides_extra\", utils.InvalidName, field=\"provides-extra\"\n        )\n\n    def test_valid_requires_dist(self):\n        requires = [\n            \"pkginfo\",\n            \"PasteDeploy\",\n            \"zope.interface (>3.5.0)\",\n            \"pywin32 >1.0; sys_platform == 'win32'\",\n        ]\n        expected_requires = list(map(requirements.Requirement, requires))\n        meta = metadata.Metadata.from_raw({\"requires_dist\": requires}, validate=False)\n\n        assert meta.requires_dist == expected_requires\n\n    def test_invalid_requires_dist(self):\n        requires = [\"pkginfo\", \"-not-real\", \"zope.interface (>3.5.0)\"]\n        meta = metadata.Metadata.from_raw({\"requires_dist\": requires}, validate=False)\n        self._invalid_with_cause(\n            meta,\n            \"requires_dist\",\n            requirements.InvalidRequirement,\n            field=\"requires-dist\",\n        )\n\n    def test_valid_dynamic(self):\n        dynamic = [\"Keywords\", \"Home-Page\", \"Author\"]\n        meta = metadata.Metadata.from_raw({\"dynamic\": dynamic}, validate=False)\n\n        assert meta.dynamic == [d.lower() for d in dynamic]\n\n    def test_invalid_dynamic_value(self):\n        dynamic = [\"Keywords\", \"NotReal\", \"Author\"]\n        meta = metadata.Metadata.from_raw({\"dynamic\": dynamic}, validate=False)\n\n        with pytest.raises(metadata.InvalidMetadata):\n            meta.dynamic\n\n    @pytest.mark.parametrize(\"field_name\", [\"name\", \"version\", \"metadata-version\"])\n    def test_disallowed_dynamic(self, field_name):\n        meta = metadata.Metadata.from_raw({\"dynamic\": [field_name]}, validate=False)\n\n        with pytest.raises(metadata.InvalidMetadata):\n            meta.dynamic\n\n    @pytest.mark.parametrize(\n        \"field_name\",\n        sorted(metadata._RAW_TO_EMAIL_MAPPING.keys() - metadata._REQUIRED_ATTRS),\n    )\n    def test_optional_defaults_to_none(self, field_name):\n        meta = metadata.Metadata.from_raw({}, validate=False)\n        assert getattr(meta, field_name) is None\n",
        "language": "python",
        "line": 1,
        "path": "tests/test_metadata.py",
        "symbols": [
          "Environment",
          "InvalidMetadata",
          "InvalidName",
          "InvalidRequirement",
          "InvalidSpecifier",
          "InvalidVersion",
          "Metadata",
          "Requirement",
          "SpecifierSet",
          "TestExceptionGroup",
          "TestMetadata",
          "TestRawMetadata",
          "Version",
          "check",
          "dev",
          "from_email",
          "from_raw",
          "parse",
          "parse_email",
          "read",
          "test_attributes",
          "test_bytes_input",
          "test_caching",
          "test_complete",
          "test_description",
          "test_description_multiple",
          "test_description_non_utf8",
          "test_disallowed_dynamic",
          "test_duplicate_project_urls",
          "test_from_email",
          "test_from_email_unparsed",
          "test_from_email_unparsed_valid_field_name",
          "test_from_email_validate",
          "test_from_raw_validate",
          "test_header_mojibake",
          "test_invalid_description_content_type",
          "test_invalid_dynamic_value",
          "test_invalid_metadata_version",
          "test_invalid_name",
          "test_invalid_provides_extra",
          "test_invalid_requires_dist",
          "test_invalid_requires_python",
          "test_invalid_summary",
          "test_invalid_version",
          "test_keywords",
          "test_lowercase_keys",
          "test_metadata_version_field_introduction",
          "test_metadata_version_field_introduction_mismatch",
          "test_missing_version",
          "test_multi_value_unvalidated_attribute",
          "test_non_repeating_fields_only_once",
          "test_non_repeating_fields_repeated",
          "test_optional_defaults_to_none",
          "test_project_urls_parsing",
          "test_raw_data_not_mutated",
          "test_raw_validate_unrecognized_field",
          "test_repeating_fields_only_once",
          "test_repeating_fields_repeated",
          "test_repr",
          "test_required_fields",
          "test_required_fields_missing",
          "test_requires_external",
          "test_single_value_unvalidated_attribute",
          "test_str_input",
          "test_valid_description_content_type",
          "test_valid_dynamic",
          "test_valid_metadata_version",
          "test_valid_name",
          "test_valid_project_urls",
          "test_valid_provides_extra",
          "test_valid_requires_dist",
          "test_valid_requires_python",
          "test_valid_summary",
          "test_valid_version",
          "version"
        ]
      },
      {
        "code": "# This file is dual licensed under the terms of the Apache License, Version\n# 2.0, and the BSD License. See the LICENSE file in the root of this repository\n# for complete details.\n\nimport collections\nimport itertools\nimport os\nimport platform\nimport sys\nfrom typing import cast\nfrom unittest import mock\n\nimport pytest\n\nfrom packaging._parser import Node\nfrom packaging.markers import (\n    InvalidMarker,\n    Marker,\n    UndefinedComparison,\n    default_environment,\n    format_full_version,\n)\nfrom packaging.version import InvalidVersion\n\nVARIABLES = [\n    \"extra\",\n    \"implementation_name\",\n    \"implementation_version\",\n    \"os_name\",\n    \"platform_machine\",\n    \"platform_release\",\n    \"platform_system\",\n    \"platform_version\",\n    \"python_full_version\",\n    \"python_version\",\n    \"platform_python_implementation\",\n    \"sys_platform\",\n]\n\nPEP_345_VARIABLES = [\n    \"os.name\",\n    \"sys.platform\",\n    \"platform.version\",\n    \"platform.machine\",\n    \"platform.python_implementation\",\n]\n\nSETUPTOOLS_VARIABLES = [\"python_implementation\"]\n\nOPERATORS = [\"===\", \"==\", \">=\", \"<=\", \"!=\", \"~=\", \">\", \"<\", \"in\", \"not in\"]\n\nVALUES = [\n    \"1.0\",\n    \"5.6a0\",\n    \"dog\",\n    \"freebsd\",\n    \"literally any string can go here\",\n    \"things @#4 dsfd (((\",\n]\n\n\nclass TestNode:\n    @pytest.mark.parametrize(\"value\", [\"one\", \"two\", None, 3, 5, []])\n    def test_accepts_value(self, value):\n        assert Node(value).value == value\n\n    @pytest.mark.parametrize(\"value\", [\"one\", \"two\"])\n    def test_str(self, value):\n        assert str(Node(value)) == str(value)\n\n    @pytest.mark.parametrize(\"value\", [\"one\", \"two\"])\n    def test_repr(self, value):\n        assert repr(Node(value)) == f\"<Node({str(value)!r})>\"\n\n    def test_base_class(self):\n        with pytest.raises(NotImplementedError):\n            Node(\"cover all the code\").serialize()\n\n\nclass TestOperatorEvaluation:\n    def test_prefers_pep440(self):\n        assert Marker('\"2.7.9\" < \"foo\"').evaluate(dict(foo=\"2.7.10\"))\n\n    def test_falls_back_to_python(self):\n        assert Marker('\"b\" > \"a\"').evaluate(dict(a=\"a\"))\n\n    def test_fails_when_undefined(self):\n        with pytest.raises(UndefinedComparison):\n            Marker(\"'2.7.0' ~= os_name\").evaluate()\n\n    def test_allows_prerelease(self):\n        assert Marker('python_full_version > \"3.6.2\"').evaluate(\n            {\"python_full_version\": \"3.11.0a5\"}\n        )\n\n\nFakeVersionInfo = collections.namedtuple(\n    \"FakeVersionInfo\", [\"major\", \"minor\", \"micro\", \"releaselevel\", \"serial\"]\n)\n\n\nclass TestDefaultEnvironment:\n    def test_matches_expected(self):\n        environment = default_environment()\n\n        iver = \"{0.major}.{0.minor}.{0.micro}\".format(sys.implementation.version)\n        if sys.implementation.version.releaselevel != \"final\":\n            iver = \"{0}{1[0]}{2}\".format(\n                iver,\n                sys.implementation.version.releaselevel,\n                sys.implementation.version.serial,\n            )\n\n        assert environment == {\n            \"implementation_name\": sys.implementation.name,\n            \"implementation_version\": iver,\n            \"os_name\": os.name,\n            \"platform_machine\": platform.machine(),\n            \"platform_release\": platform.release(),\n            \"platform_system\": platform.system(),\n            \"platform_version\": platform.version(),\n            \"python_full_version\": platform.python_version(),\n            \"platform_python_implementation\": platform.python_implementation(),\n            \"python_version\": \".\".join(platform.python_version_tuple()[:2]),\n            \"sys_platform\": sys.platform,\n        }\n\n    def test_multidigit_minor_version(self, monkeypatch):\n        version_info = (3, 10, 0, \"final\", 0)\n        monkeypatch.setattr(sys, \"version_info\", version_info, raising=False)\n\n        monkeypatch.setattr(platform, \"python_version\", lambda: \"3.10.0\", raising=False)\n        monkeypatch.setattr(\n            platform, \"python_version_tuple\", lambda: (\"3\", \"10\", \"0\"), raising=False\n        )\n\n        environment = default_environment()\n        assert environment[\"python_version\"] == \"3.10\"\n\n    def tests_when_releaselevel_final(self):\n        v = FakeVersionInfo(3, 4, 2, \"final\", 0)\n        assert format_full_version(v) == \"3.4.2\"\n\n    def tests_when_releaselevel_not_final(self):\n        v = FakeVersionInfo(3, 4, 2, \"beta\", 4)\n        assert format_full_version(v) == \"3.4.2b4\"\n\n\nclass TestMarker:\n    @pytest.mark.parametrize(\n        \"marker_string\",\n        [\n            \"{} {} {!r}\".format(*i)\n            for i in itertools.product(VARIABLES, OPERATORS, VALUES)\n        ]\n        + [\n            \"{2!r} {1} {0}\".format(*i)\n            for i in itertools.product(VARIABLES, OPERATORS, VALUES)\n        ],\n    )\n    def test_parses_valid(self, marker_string):\n        Marker(marker_string)\n\n    @pytest.mark.parametrize(\n        \"marker_string\",\n        [\n            \"this_isnt_a_real_variable >= '1.0'\",\n            \"python_version\",\n            \"(python_version)\",\n            \"python_version >= 1.0 and (python_version)\",\n            '(python_version == \"2.7\" and os_name == \"linux\"',\n            '(python_version == \"2.7\") with random text',\n        ],\n    )\n    def test_parses_invalid(self, marker_string):\n        with pytest.raises(InvalidMarker):\n            Marker(marker_string)\n\n    @pytest.mark.parametrize(\n        (\"marker_string\", \"expected\"),\n        [\n            # Test the different quoting rules\n            (\"python_version == '2.7'\", 'python_version == \"2.7\"'),\n            ('python_version == \"2.7\"', 'python_version == \"2.7\"'),\n            # Test and/or expressions\n            (\n                'python_version == \"2.7\" and os_name == \"linux\"',\n                'python_version == \"2.7\" and os_name == \"linux\"',\n            ),\n            (\n                'python_version == \"2.7\" or os_name == \"linux\"',\n                'python_version == \"2.7\" or os_name == \"linux\"',\n            ),\n            (\n                'python_version == \"2.7\" and os_name == \"linux\" or '\n                'sys_platform == \"win32\"',\n                'python_version == \"2.7\" and os_name == \"linux\" or '\n                'sys_platform == \"win32\"',\n            ),\n            # Test nested expressions and grouping with ()\n            ('(python_version == \"2.7\")', 'python_version == \"2.7\"'),\n            (\n                '(python_version == \"2.7\" and sys_platform == \"win32\")',\n                'python_version == \"2.7\" and sys_platform == \"win32\"',\n            ),\n            (\n                'python_version == \"2.7\" and (sys_platform == \"win32\" or '\n                'sys_platform == \"linux\")',\n                'python_version == \"2.7\" and (sys_platform == \"win32\" or '\n                'sys_platform == \"linux\")',\n            ),\n        ],\n    )\n    def test_str_repr_eq_hash(self, marker_string, expected):\n        m = Marker(marker_string)\n        assert str(m) == expected\n        assert repr(m) == f\"<Marker({str(m)!r})>\"\n        # Objects created from the same string should be equal.\n        assert m == Marker(marker_string)\n        # Objects created from the equivalent strings should also be equal.\n        assert m == Marker(expected)\n        # Objects created from the same string should have the same hash.\n        assert hash(Marker(marker_string)) == hash(Marker(marker_string))\n        # Objects created from equivalent strings should also have the same hash.\n        assert hash(Marker(marker_string)) == hash(Marker(expected))\n\n    @pytest.mark.parametrize(\n        (\"example1\", \"example2\"),\n        [\n            # Test trivial comparisons.\n            ('python_version == \"2.7\"', 'python_version == \"3.7\"'),\n            (\n                'python_version == \"2.7\"',\n                'python_version == \"2.7\" and os_name == \"linux\"',\n            ),\n            (\n                'python_version == \"2.7\"',\n                '(python_version == \"2.7\" and os_name == \"linux\")',\n            ),\n            # Test different precedence.\n            (\n                'python_version == \"2.7\" and (os_name == \"linux\" or '\n                'sys_platform == \"win32\")',\n                'python_version == \"2.7\" and os_name == \"linux\" or '\n                'sys_platform == \"win32\"',\n            ),\n        ],\n    )\n    def test_different_markers_different_hashes(self, example1, example2):\n        marker1, marker2 = Marker(example1), Marker(example2)\n        # Markers created from strings that are not equivalent should differ.\n        assert marker1 != marker2\n        # Different Marker objects should have different hashes.\n        assert hash(marker1) != hash(marker2)\n\n    def test_compare_markers_to_other_objects(self):\n        # Markers should not be comparable to other kinds of objects.\n        assert Marker(\"os_name == 'nt'\") != \"os_name == 'nt'\"\n\n    def test_environment_assumes_empty_extra(self):\n        assert Marker('extra == \"im_valid\"').evaluate() is False\n\n    def test_environment_with_extra_none(self):\n        # GIVEN\n        marker_str = 'extra == \"im_valid\"'\n\n        # Pretend that this is dict[str, str], even though it's not. This is a\n        # test for being bug-for-bug compatible with the older implementation.\n        environment = cast(\"dict[str, str]\", {\"extra\": None})\n\n        # WHEN\n        marker = Marker(marker_str)\n\n        # THEN\n        assert marker.evaluate(environment) is False\n\n    @pytest.mark.parametrize(\n        (\"marker_string\", \"environment\", \"expected\"),\n        [\n            (f\"os_name == '{os.name}'\", None, True),\n            (\"os_name == 'foo'\", {\"os_name\": \"foo\"}, True),\n            (\"os_name == 'foo'\", {\"os_name\": \"bar\"}, False),\n            (\"'2.7' in python_version\", {\"python_version\": \"2.7.5\"}, True),\n            (\"'2.7' not in python_version\", {\"python_version\": \"2.7\"}, False),\n            (\n                \"os_name == 'foo' and python_version ~= '2.7.0'\",\n                {\"os_name\": \"foo\", \"python_version\": \"2.7.6\"},\n                True,\n            ),\n            (\n                \"python_version ~= '2.7.0' and (os_name == 'foo' or \"\n                \"os_name == 'bar')\",\n                {\"os_name\": \"foo\", \"python_version\": \"2.7.4\"},\n                True,\n            ),\n            (\n                \"python_version ~= '2.7.0' and (os_name == 'foo' or \"\n                \"os_name == 'bar')\",\n                {\"os_name\": \"bar\", \"python_version\": \"2.7.4\"},\n                True,\n            ),\n            (\n                \"python_version ~= '2.7.0' and (os_name == 'foo' or \"\n                \"os_name == 'bar')\",\n                {\"os_name\": \"other\", \"python_version\": \"2.7.4\"},\n                False,\n            ),\n            (\"extra == 'security'\", {\"extra\": \"quux\"}, False),\n            (\"extra == 'security'\", {\"extra\": \"security\"}, True),\n            (\"extra == 'SECURITY'\", {\"extra\": \"security\"}, True),\n            (\"extra == 'security'\", {\"extra\": \"SECURITY\"}, True),\n            (\"extra == 'pep-685-norm'\", {\"extra\": \"PEP_685...norm\"}, True),\n            (\n                \"extra == 'Different.punctuation..is...equal'\",\n                {\"extra\": \"different__punctuation_is_EQUAL\"},\n                True,\n            ),\n        ],\n    )\n    def test_evaluates(self, marker_string, environment, expected):\n        args = [] if environment is None else [environment]\n        assert Marker(marker_string).evaluate(*args) == expected\n\n    @pytest.mark.parametrize(\n        \"marker_string\",\n        [\n            \"{} {} {!r}\".format(*i)\n            for i in itertools.product(PEP_345_VARIABLES, OPERATORS, VALUES)\n        ]\n        + [\n            \"{2!r} {1} {0}\".format(*i)\n            for i in itertools.product(PEP_345_VARIABLES, OPERATORS, VALUES)\n        ],\n    )\n    def test_parses_pep345_valid(self, marker_string):\n        Marker(marker_string)\n\n    @pytest.mark.parametrize(\n        (\"marker_string\", \"environment\", \"expected\"),\n        [\n            (f\"os.name == '{os.name}'\", None, True),\n            (\"sys.platform == 'win32'\", {\"sys_platform\": \"linux2\"}, False),\n            (\"platform.version in 'Ubuntu'\", {\"platform_version\": \"#39\"}, False),\n            (\"platform.machine=='x86_64'\", {\"platform_machine\": \"x86_64\"}, True),\n            (\n                \"platform.python_implementation=='Jython'\",\n                {\"platform_python_implementation\": \"CPython\"},\n                False,\n            ),\n            (\n                \"python_version == '2.5' and platform.python_implementation\"\n                \"!= 'Jython'\",\n                {\"python_version\": \"2.7\"},\n                False,\n            ),\n        ],\n    )\n    def test_evaluate_pep345_markers(self, marker_string, environment, expected):\n        args = [] if environment is None else [environment]\n        assert Marker(marker_string).evaluate(*args) == expected\n\n    @pytest.mark.parametrize(\n        \"marker_string\",\n        [\n            \"{} {} {!r}\".format(*i)\n            for i in itertools.product(SETUPTOOLS_VARIABLES, OPERATORS, VALUES)\n        ]\n        + [\n            \"{2!r} {1} {0}\".format(*i)\n            for i in itertools.product(SETUPTOOLS_VARIABLES, OPERATORS, VALUES)\n        ],\n    )\n    def test_parses_setuptools_legacy_valid(self, marker_string):\n        Marker(marker_string)\n\n    def test_evaluate_setuptools_legacy_markers(self):\n        marker_string = \"python_implementation=='Jython'\"\n        args = [{\"platform_python_implementation\": \"CPython\"}]\n        assert Marker(marker_string).evaluate(*args) is False\n\n    def test_extra_str_normalization(self):\n        raw_name = \"S_P__A_M\"\n        normalized_name = \"s-p-a-m\"\n        lhs = f\"{raw_name!r} == extra\"\n        rhs = f\"extra == {raw_name!r}\"\n\n        assert str(Marker(lhs)) == f'\"{normalized_name}\" == extra'\n        assert str(Marker(rhs)) == f'extra == \"{normalized_name}\"'\n\n    def test_python_full_version_untagged_user_provided(self):\n        \"\"\"A user-provided python_full_version ending with a + fails to parse.\"\"\"\n        with pytest.raises(InvalidVersion):\n            Marker(\"python_full_version < '3.12'\").evaluate(\n                {\"python_full_version\": \"3.11.1+\"}\n            )\n\n    def test_python_full_version_untagged(self):\n        with mock.patch(\"platform.python_version\", return_value=\"3.11.1+\"):\n            assert Marker(\"python_full_version < '3.12'\").evaluate()\n",
        "language": "python",
        "line": 1,
        "path": "tests/test_markers.py",
        "symbols": [
          "InvalidMarker",
          "InvalidVersion",
          "Marker",
          "Node",
          "TestDefaultEnvironment",
          "TestMarker",
          "TestNode",
          "TestOperatorEvaluation",
          "UndefinedComparison",
          "Version",
          "default_environment",
          "evaluate",
          "format_full_version",
          "major",
          "micro",
          "minor",
          "parse",
          "platform",
          "release",
          "serialize",
          "test_accepts_value",
          "test_allows_prerelease",
          "test_base_class",
          "test_compare_markers_to_other_objects",
          "test_different_markers_different_hashes",
          "test_environment_assumes_empty_extra",
          "test_environment_with_extra_none",
          "test_evaluate_pep345_markers",
          "test_evaluate_setuptools_legacy_markers",
          "test_evaluates",
          "test_extra_str_normalization",
          "test_fails_when_undefined",
          "test_falls_back_to_python",
          "test_matches_expected",
          "test_multidigit_minor_version",
          "test_parses_invalid",
          "test_parses_pep345_valid",
          "test_parses_setuptools_legacy_valid",
          "test_parses_valid",
          "test_prefers_pep440",
          "test_python_full_version_untagged",
          "test_python_full_version_untagged_user_provided",
          "test_repr",
          "test_str",
          "test_str_repr_eq_hash",
          "tests_when_releaselevel_final",
          "tests_when_releaselevel_not_final",
          "version"
        ]
      },
      {
        "code": "# This file is dual licensed under the terms of the Apache License, Version\n# 2.0, and the BSD License. See the LICENSE file in the root of this repository\n# for complete details.\n\nfrom __future__ import annotations\n\nimport pytest\n\nfrom packaging.markers import Marker\nfrom packaging.requirements import InvalidRequirement, Requirement\nfrom packaging.specifiers import SpecifierSet\n\nEQUAL_DEPENDENCIES = [\n    (\"packaging>20.1\", \"packaging>20.1\"),\n    (\n        'requests[security, tests]>=2.8.1,==2.8.*;python_version<\"2.7\"',\n        'requests [security,tests] >= 2.8.1, == 2.8.* ; python_version < \"2.7\"',\n    ),\n    (\n        'importlib-metadata; python_version<\"3.8\"',\n        \"importlib-metadata; python_version<'3.8'\",\n    ),\n    (\n        'appdirs>=1.4.4,<2; os_name==\"posix\" and extra==\"testing\"',\n        \"appdirs>=1.4.4,<2; os_name == 'posix' and extra == 'testing'\",\n    ),\n]\n\nEQUIVALENT_DEPENDENCIES = [\n    (\"scikit-learn==1.0.1\", \"scikit_learn==1.0.1\"),\n]\n\nDIFFERENT_DEPENDENCIES = [\n    (\"package_one\", \"package_two\"),\n    (\"packaging>20.1\", \"packaging>=20.1\"),\n    (\"packaging>20.1\", \"packaging>21.1\"),\n    (\"packaging>20.1\", \"package>20.1\"),\n    (\n        'requests[security,tests]>=2.8.1,==2.8.*;python_version<\"2.7\"',\n        'requests [security,tests] >= 2.8.1 ; python_version < \"2.7\"',\n    ),\n    (\n        'importlib-metadata; python_version<\"3.8\"',\n        \"importlib-metadata; python_version<'3.7'\",\n    ),\n    (\n        'appdirs>=1.4.4,<2; os_name==\"posix\" and extra==\"testing\"',\n        \"appdirs>=1.4.4,<2; os_name == 'posix' and extra == 'docs'\",\n    ),\n]\n\n\n@pytest.mark.parametrize(\n    \"name\",\n    [\n        \"package\",\n        \"pAcKaGe\",\n        \"Package\",\n        \"foo-bar.quux_bAz\",\n        \"installer\",\n        \"android12\",\n    ],\n)\n@pytest.mark.parametrize(\n    \"extras\",\n    [\n        set(),\n        {\"a\"},\n        {\"a\", \"b\"},\n        {\"a\", \"B\", \"CDEF123\"},\n    ],\n)\n@pytest.mark.parametrize(\n    (\"url\", \"specifier\"),\n    [\n        (None, \"\"),\n        (\"https://example.com/packagename.zip\", \"\"),\n        (\"ssh://user:pass%20word@example.com/packagename.zip\", \"\"),\n        (\"https://example.com/name;v=1.1/?query=foo&bar=baz#blah\", \"\"),\n        (\"git+ssh://git.example.com/MyProject\", \"\"),\n        (\"git+ssh://git@github.com:pypa/packaging.git\", \"\"),\n        (\"git+https://git.example.com/MyProject.git@master\", \"\"),\n        (\"git+https://git.example.com/MyProject.git@v1.0\", \"\"),\n        (\"git+https://git.example.com/MyProject.git@refs/pull/123/head\", \"\"),\n        (\"gopher:/foo/com\", \"\"),\n        (None, \"==={ws}arbitrarystring\"),\n        (None, \"({ws}==={ws}arbitrarystring{ws})\"),\n        (None, \"=={ws}1.0\"),\n        (None, \"({ws}=={ws}1.0{ws})\"),\n        (None, \"=={ws}1.0-alpha\"),\n        (None, \"<={ws}1!3.0.0.rc2\"),\n        (None, \">{ws}2.2{ws},{ws}<{ws}3\"),\n        (None, \"(>{ws}2.2{ws},{ws}<{ws}3)\"),\n    ],\n)\n@pytest.mark.parametrize(\n    \"marker\",\n    [\n        None,\n        \"python_version{ws}>={ws}'3.3'\",\n        '({ws}python_version{ws}>={ws}\"3.4\"{ws}){ws}and extra{ws}=={ws}\"oursql\"',\n        (\n            \"sys_platform{ws}!={ws}'linux' and(os_name{ws}=={ws}'linux' or \"\n            \"python_version{ws}>={ws}'3.3'{ws}){ws}\"\n        ),\n    ],\n)\n@pytest.mark.parametrize(\"whitespace\", [\"\", \" \", \"\\t\"])\ndef test_basic_valid_requirement_parsing(\n    name: str,\n    extras: set[str],\n    specifier: str,\n    url: str | None,\n    marker: str,\n    whitespace: str,\n) -> None:\n    # GIVEN\n    parts = [name]\n    if extras:\n        parts.append(\"[\")\n        parts.append(\"{ws},{ws}\".format(ws=whitespace).join(sorted(extras)))\n        parts.append(\"]\")\n    if specifier:\n        parts.append(specifier.format(ws=whitespace))\n    if url is not None:\n        parts.append(\"@\")\n        parts.append(url.format(ws=whitespace))\n    if marker is not None:\n        if url is not None:\n            parts.append(\" ;\")\n        else:\n            parts.append(\";\")\n        parts.append(marker.format(ws=whitespace))\n\n    to_parse = whitespace.join(parts)\n\n    # WHEN\n    req = Requirement(to_parse)\n\n    # THEN\n    assert req.name == name\n    assert req.extras == extras\n    assert req.url == url\n    assert req.specifier == specifier.format(ws=\"\").strip(\"()\")\n    assert req.marker == (Marker(marker.format(ws=\"\")) if marker else None)\n\n\nclass TestRequirementParsing:\n    @pytest.mark.parametrize(\n        \"marker\",\n        [\n            \"python_implementation == ''\",\n            \"platform_python_implementation == ''\",\n            \"os.name == 'linux'\",\n            \"os_name == 'linux'\",\n            \"'8' in platform.version\",\n            \"'8' not in platform.version\",\n        ],\n    )\n    def test_valid_marker(self, marker: str) -> None:\n        # GIVEN\n        to_parse = f\"name; {marker}\"\n\n        # WHEN\n        Requirement(to_parse)\n\n    @pytest.mark.parametrize(\n        \"url\",\n        [\n            \"file:///absolute/path\",\n            \"file://.\",\n            \"file:.\",\n            \"file:/.\",\n        ],\n    )\n    def test_file_url(self, url: str) -> None:\n        # GIVEN\n        to_parse = f\"name @ {url}\"\n\n        # WHEN\n        req = Requirement(to_parse)\n\n        # THEN\n        assert req.url == url\n\n    def test_empty_extras(self) -> None:\n        # GIVEN\n        to_parse = \"name[]\"\n\n        # WHEN\n        req = Requirement(to_parse)\n\n        # THEN\n        assert req.name == \"name\"\n        assert req.extras == set()\n\n    def test_empty_specifier(self) -> None:\n        # GIVEN\n        to_parse = \"name()\"\n\n        # WHEN\n        req = Requirement(to_parse)\n\n        # THEN\n        assert req.name == \"name\"\n        assert req.specifier == \"\"\n\n    # ----------------------------------------------------------------------------------\n    # Everything below this (in this class) should be parsing failure modes\n    # ----------------------------------------------------------------------------------\n    # Start all method names with with `test_error_`\n    # to make it easier to run these tests with `-k error`\n\n    def test_error_when_empty_string(self) -> None:\n        # GIVEN\n        to_parse = \"\"\n\n        # WHEN\n        with pytest.raises(InvalidRequirement) as ctx:\n            Requirement(to_parse)\n\n        # THEN\n        assert ctx.exconly() == (\n            \"packaging.requirements.InvalidRequirement: \"\n            \"Expected package name at the start of dependency specifier\\n\"\n            \"    \\n\"\n            \"    ^\"\n        )\n\n    def test_error_no_name(self) -> None:\n        # GIVEN\n        to_parse = \"==0.0\"\n\n        # WHEN\n        with pytest.raises(InvalidRequirement) as ctx:\n            Requirement(to_parse)\n\n        # THEN\n        assert ctx.exconly() == (\n            \"packaging.requirements.InvalidRequirement: \"\n            \"Expected package name at the start of dependency specifier\\n\"\n            \"    ==0.0\\n\"\n            \"    ^\"\n        )\n\n    def test_error_when_missing_comma_in_extras(self) -> None:\n        # GIVEN\n        to_parse = \"name[bar baz]\"\n\n        # WHEN\n        with pytest.raises(InvalidRequirement) as ctx:\n            Requirement(to_parse)\n\n        # THEN\n        assert ctx.exconly() == (\n            \"packaging.requirements.InvalidRequirement: \"\n            \"Expected comma between extra names\\n\"\n            \"    name[bar baz]\\n\"\n            \"             ^\"\n        )\n\n    def test_error_when_trailing_comma_in_extras(self) -> None:\n        # GIVEN\n        to_parse = \"name[bar, baz,]\"\n\n        # WHEN\n        with pytest.raises(InvalidRequirement) as ctx:\n            Requirement(to_parse)\n\n        # THEN\n        assert ctx.exconly() == (\n            \"packaging.requirements.InvalidRequirement: \"\n            \"Expected extra name after comma\\n\"\n            \"    name[bar, baz,]\\n\"\n            \"                  ^\"\n        )\n\n    def test_error_when_parens_not_closed_correctly(self) -> None:\n        # GIVEN\n        to_parse = \"name (>= 1.0\"\n\n        # WHEN\n        with pytest.raises(InvalidRequirement) as ctx:\n            Requirement(to_parse)\n\n        # THEN\n        assert ctx.exconly() == (\n            \"packaging.requirements.InvalidRequirement: \"\n            \"Expected matching RIGHT_PARENTHESIS for LEFT_PARENTHESIS, \"\n            \"after version specifier\\n\"\n            \"    name (>= 1.0\\n\"\n            \"         ~~~~~~~^\"\n        )\n\n    def test_error_when_prefix_match_is_used_incorrectly(self) -> None:\n        # GIVEN\n        to_parse = \"black (>=20.*) ; extra == 'format'\"\n\n        # WHEN\n        with pytest.raises(InvalidRequirement) as ctx:\n            Requirement(to_parse)\n\n        # THEN\n        assert ctx.exconly() == (\n            \"packaging.requirements.InvalidRequirement: \"\n            \".* suffix can only be used with `==` or `!=` operators\\n\"\n            \"    black (>=20.*) ; extra == 'format'\\n\"\n            \"           ~~~~~^\"\n        )\n\n    @pytest.mark.parametrize(\"operator\", [\">=\", \"<=\", \">\", \"<\", \"~=\"])\n    def test_error_when_local_version_label_is_used_incorrectly(\n        self, operator: str\n    ) -> None:\n        # GIVEN\n        to_parse = f\"name {operator} 1.0+local.version.label\"\n        op_tilde = len(operator) * \"~\"\n\n        # WHEN\n        with pytest.raises(InvalidRequirement) as ctx:\n            Requirement(to_parse)\n\n        # THEN\n        assert ctx.exconly() == (\n            \"packaging.requirements.InvalidRequirement: \"\n            \"Local version label can only be used with `==` or `!=` operators\\n\"\n            f\"    name {operator} 1.0+local.version.label\\n\"\n            f\"         {op_tilde}~~~~^\"\n        )\n\n    def test_error_when_bracket_not_closed_correctly(self) -> None:\n        # GIVEN\n        to_parse = \"name[bar, baz >= 1.0\"\n\n        # WHEN\n        with pytest.raises(InvalidRequirement) as ctx:\n            Requirement(to_parse)\n\n        # THEN\n        assert ctx.exconly() == (\n            \"packaging.requirements.InvalidRequirement: \"\n            \"Expected matching RIGHT_BRACKET for LEFT_BRACKET, \"\n            \"after extras\\n\"\n            \"    name[bar, baz >= 1.0\\n\"\n            \"        ~~~~~~~~~~^\"\n        )\n\n    def test_error_when_extras_bracket_left_unclosed(self) -> None:\n        # GIVEN\n        to_parse = \"name[bar, baz\"\n\n        # WHEN\n        with pytest.raises(InvalidRequirement) as ctx:\n            Requirement(to_parse)\n\n        # THEN\n        assert ctx.exconly() == (\n            \"packaging.requirements.InvalidRequirement: \"\n            \"Expected matching RIGHT_BRACKET for LEFT_BRACKET, \"\n            \"after extras\\n\"\n            \"    name[bar, baz\\n\"\n            \"        ~~~~~~~~~^\"\n        )\n\n    def test_error_no_space_after_url(self) -> None:\n        # GIVEN\n        to_parse = \"name @ https://example.com/; extra == 'example'\"\n\n        # WHEN\n        with pytest.raises(InvalidRequirement) as ctx:\n            Requirement(to_parse)\n\n        # THEN\n        assert ctx.exconly() == (\n            \"packaging.requirements.InvalidRequirement: \"\n            \"Expected end or semicolon (after URL and whitespace)\\n\"\n            \"    name @ https://example.com/; extra == 'example'\\n\"\n            \"           ~~~~~~~~~~~~~~~~~~~~~~^\"\n        )\n\n    def test_error_marker_bracket_unclosed(self) -> None:\n        # GIVEN\n        to_parse = \"name; (extra == 'example'\"\n\n        # WHEN\n        with pytest.raises(InvalidRequirement) as ctx:\n            Requirement(to_parse)\n\n        # THEN\n        assert ctx.exconly() == (\n            \"packaging.requirements.InvalidRequirement: \"\n            \"Expected matching RIGHT_PARENTHESIS for LEFT_PARENTHESIS, \"\n            \"after marker expression\\n\"\n            \"    name; (extra == 'example'\\n\"\n            \"          ~~~~~~~~~~~~~~~~~~~^\"\n        )\n\n    def test_error_no_url_after_at(self) -> None:\n        # GIVEN\n        to_parse = \"name @ \"\n\n        # WHEN\n        with pytest.raises(InvalidRequirement) as ctx:\n            Requirement(to_parse)\n\n        # THEN\n        assert ctx.exconly() == (\n            \"packaging.requirements.InvalidRequirement: \"\n            \"Expected URL after @\\n\"\n            \"    name @ \\n\"\n            \"           ^\"\n        )\n\n    def test_error_invalid_marker_lvalue(self) -> None:\n        # GIVEN\n        to_parse = \"name; invalid_name\"\n\n        # WHEN\n        with pytest.raises(InvalidRequirement) as ctx:\n            Requirement(to_parse)\n\n        # THEN\n        assert ctx.exconly() == (\n            \"packaging.requirements.InvalidRequirement: \"\n            \"Expected a marker variable or quoted string\\n\"\n            \"    name; invalid_name\\n\"\n            \"          ^\"\n        )\n\n    def test_error_invalid_marker_rvalue(self) -> None:\n        # GIVEN\n        to_parse = \"name; '3.7' <= invalid_name\"\n\n        # WHEN\n        with pytest.raises(InvalidRequirement) as ctx:\n            Requirement(to_parse)\n\n        # THEN\n        assert ctx.exconly() == (\n            \"packaging.requirements.InvalidRequirement: \"\n            \"Expected a marker variable or quoted string\\n\"\n            \"    name; '3.7' <= invalid_name\\n\"\n            \"                   ^\"\n        )\n\n    def test_error_invalid_marker_notin_without_whitespace(self) -> None:\n        # GIVEN\n        to_parse = \"name; '3.7' notin python_version\"\n\n        # WHEN\n        with pytest.raises(InvalidRequirement) as ctx:\n            Requirement(to_parse)\n\n        # THEN\n        assert ctx.exconly() == (\n            \"packaging.requirements.InvalidRequirement: \"\n            \"Expected marker operator, one of <=, <, !=, ==, >=, >, ~=, ===, \"\n            \"in, not in\\n\"\n            \"    name; '3.7' notin python_version\\n\"\n            \"                ^\"\n        )\n\n    def test_error_when_no_word_boundary(self) -> None:\n        # GIVEN\n        to_parse = \"name; '3.6'inpython_version\"\n\n        # WHEN\n        with pytest.raises(InvalidRequirement) as ctx:\n            Requirement(to_parse)\n\n        # THEN\n        assert ctx.exconly() == (\n            \"packaging.requirements.InvalidRequirement: \"\n            \"Expected marker operator, one of <=, <, !=, ==, >=, >, ~=, ===, \"\n            \"in, not in\\n\"\n            \"    name; '3.6'inpython_version\\n\"\n            \"               ^\"\n        )\n\n    def test_error_invalid_marker_not_without_in(self) -> None:\n        # GIVEN\n        to_parse = \"name; '3.7' not python_version\"\n\n        # WHEN\n        with pytest.raises(InvalidRequirement) as ctx:\n            Requirement(to_parse)\n\n        # THEN\n        assert ctx.exconly() == (\n            \"packaging.requirements.InvalidRequirement: \"\n            \"Expected 'in' after 'not'\\n\"\n            \"    name; '3.7' not python_version\\n\"\n            \"                    ^\"\n        )\n\n    def test_error_invalid_marker_with_invalid_op(self) -> None:\n        # GIVEN\n        to_parse = \"name; '3.7' ~ python_version\"\n\n        # WHEN\n        with pytest.raises(InvalidRequirement) as ctx:\n            Requirement(to_parse)\n\n        # THEN\n        assert ctx.exconly() == (\n            \"packaging.requirements.InvalidRequirement: \"\n            \"Expected marker operator, one of <=, <, !=, ==, >=, >, ~=, ===, \"\n            \"in, not in\\n\"\n            \"    name; '3.7' ~ python_version\\n\"\n            \"                ^\"\n        )\n\n    def test_error_on_legacy_version_outside_triple_equals(self) -> None:\n        # GIVEN\n        to_parse = \"name==1.0.org1\"\n\n        # WHEN\n        with pytest.raises(InvalidRequirement) as ctx:\n            Requirement(to_parse)\n\n        # THEN\n        assert ctx.exconly() == (\n            \"packaging.requirements.InvalidRequirement: \"\n            \"Expected end or semicolon (after version specifier)\\n\"\n            \"    name==1.0.org1\\n\"\n            \"        ~~~~~^\"\n        )\n\n    def test_error_on_missing_version_after_op(self) -> None:\n        # GIVEN\n        to_parse = \"name==\"\n\n        # WHEN\n        with pytest.raises(InvalidRequirement) as ctx:\n            Requirement(to_parse)\n\n        # THEN\n        assert ctx.exconly() == (\n            \"packaging.requirements.InvalidRequirement: \"\n            \"Expected end or semicolon (after name and no valid version specifier)\\n\"\n            \"    name==\\n\"\n            \"        ^\"\n        )\n\n    def test_error_on_missing_op_after_name(self) -> None:\n        # GIVEN\n        to_parse = \"name 1.0\"\n\n        # WHEN\n        with pytest.raises(InvalidRequirement) as ctx:\n            Requirement(to_parse)\n\n        # THEN\n        assert ctx.exconly() == (\n            \"packaging.requirements.InvalidRequirement: \"\n            \"Expected end or semicolon (after name and no valid version specifier)\\n\"\n            \"    name 1.0\\n\"\n            \"         ^\"\n        )\n\n    def test_error_on_random_char_after_specifier(self) -> None:\n        # GIVEN\n        to_parse = \"name >= 1.0 #\"\n\n        # WHEN\n        with pytest.raises(InvalidRequirement) as ctx:\n            Requirement(to_parse)\n\n        # THEN\n        assert ctx.exconly() == (\n            \"packaging.requirements.InvalidRequirement: \"\n            \"Expected end or semicolon (after version specifier)\\n\"\n            \"    name >= 1.0 #\\n\"\n            \"         ~~~~~~~^\"\n        )\n\n\nclass TestRequirementBehaviour:\n    def test_types_with_nothing(self) -> None:\n        # GIVEN\n        to_parse = \"foobar\"\n\n        # WHEN\n        req = Requirement(to_parse)\n\n        # THEN\n        assert isinstance(req.name, str)\n        assert isinstance(req.extras, set)\n        assert req.url is None\n        assert isinstance(req.specifier, SpecifierSet)\n        assert req.marker is None\n\n    def test_types_with_specifier_and_marker(self) -> None:\n        # GIVEN\n        to_parse = \"foobar[quux]<2,>=3; os_name=='a'\"\n\n        # WHEN\n        req = Requirement(to_parse)\n\n        # THEN\n        assert isinstance(req.name, str)\n        assert isinstance(req.extras, set)\n        assert req.url is None\n        assert isinstance(req.specifier, SpecifierSet)\n        assert isinstance(req.marker, Marker)\n\n    def test_types_with_url(self) -> None:\n        req = Requirement(\"foobar @ http://foo.com\")\n        assert isinstance(req.name, str)\n        assert isinstance(req.extras, set)\n        assert isinstance(req.url, str)\n        assert isinstance(req.specifier, SpecifierSet)\n        assert req.marker is None\n\n    @pytest.mark.parametrize(\n        \"url_or_specifier\",\n        [\"\", \"@ https://url \", \"!=2.0\", \"==2.*\"],\n    )\n    @pytest.mark.parametrize(\"extras\", [\"\", \"[a]\", \"[a,b]\", \"[a1,b1,b2]\"])\n    @pytest.mark.parametrize(\n        \"marker\",\n        [\"\", '; python_version == \"3.11\"', '; \"3.\" not in python_version'],\n    )\n    def test_str_and_repr(\n        self, extras: str, url_or_specifier: str, marker: str\n    ) -> None:\n        # GIVEN\n        to_parse = f\"name{extras}{url_or_specifier}{marker}\"\n\n        # WHEN\n        req = Requirement(to_parse)\n\n        # THEN\n        assert str(req) == to_parse.strip()\n        assert repr(req) == f\"<Requirement({to_parse.strip()!r})>\"\n\n    @pytest.mark.parametrize(\"dep1, dep2\", EQUAL_DEPENDENCIES)\n    def test_equal_reqs_equal_hashes(self, dep1: str, dep2: str) -> None:\n        \"\"\"Requirement objects created from equal strings should be equal.\"\"\"\n        # GIVEN / WHEN\n        req1, req2 = Requirement(dep1), Requirement(dep2)\n\n        assert req1 == req2\n        assert hash(req1) == hash(req2)\n\n    @pytest.mark.parametrize(\"dep1, dep2\", EQUIVALENT_DEPENDENCIES)\n    def test_equivalent_reqs_equal_hashes_unequal_strings(\n        self, dep1: str, dep2: str\n    ) -> None:\n        \"\"\"Requirement objects created from equivalent strings should be equal,\n        even though their string representation will not.\"\"\"\n        # GIVEN / WHEN\n        req1, req2 = Requirement(dep1), Requirement(dep2)\n\n        assert req1 == req2\n        assert hash(req1) == hash(req2)\n        assert str(req1) != str(req2)\n\n    @pytest.mark.parametrize(\"dep1, dep2\", DIFFERENT_DEPENDENCIES)\n    def test_different_reqs_different_hashes(self, dep1: str, dep2: str) -> None:\n        \"\"\"Requirement objects created from non-equivalent strings should differ.\"\"\"\n        # GIVEN / WHEN\n        req1, req2 = Requirement(dep1), Requirement(dep2)\n\n        # THEN\n        assert req1 != req2\n        assert hash(req1) != hash(req2)\n\n    def test_compare_with_string(self) -> None:\n        assert Requirement(\"packaging>=21.3\") != \"packaging>=21.3\"\n",
        "language": "python",
        "line": 1,
        "path": "tests/test_requirements.py",
        "symbols": [
          "InvalidRequirement",
          "Marker",
          "Requirement",
          "SpecifierSet",
          "TestRequirementBehaviour",
          "TestRequirementParsing",
          "Version",
          "docs",
          "local",
          "operator",
          "platform",
          "test_basic_valid_requirement_parsing",
          "test_compare_with_string",
          "test_different_reqs_different_hashes",
          "test_empty_extras",
          "test_empty_specifier",
          "test_equal_reqs_equal_hashes",
          "test_equivalent_reqs_equal_hashes_unequal_strings",
          "test_error_invalid_marker_lvalue",
          "test_error_invalid_marker_not_without_in",
          "test_error_invalid_marker_notin_without_whitespace",
          "test_error_invalid_marker_rvalue",
          "test_error_invalid_marker_with_invalid_op",
          "test_error_marker_bracket_unclosed",
          "test_error_no_name",
          "test_error_no_space_after_url",
          "test_error_no_url_after_at",
          "test_error_on_legacy_version_outside_triple_equals",
          "test_error_on_missing_op_after_name",
          "test_error_on_missing_version_after_op",
          "test_error_on_random_char_after_specifier",
          "test_error_when_bracket_not_closed_correctly",
          "test_error_when_empty_string",
          "test_error_when_extras_bracket_left_unclosed",
          "test_error_when_local_version_label_is_used_incorrectly",
          "test_error_when_missing_comma_in_extras",
          "test_error_when_no_word_boundary",
          "test_error_when_parens_not_closed_correctly",
          "test_error_when_prefix_match_is_used_incorrectly",
          "test_error_when_trailing_comma_in_extras",
          "test_file_url",
          "test_str_and_repr",
          "test_types_with_nothing",
          "test_types_with_specifier_and_marker",
          "test_types_with_url",
          "test_valid_marker",
          "tests",
          "version"
        ]
      },
      {
        "code": "# This file is dual licensed under the terms of the Apache License, Version\n# 2.0, and the BSD License. See the LICENSE file in the root of this repository\n# for complete details.\n\nimport itertools\nimport operator\n\nimport pretend\nimport pytest\n\nfrom packaging.version import InvalidVersion, Version, parse\n\n\ndef test_parse():\n    assert isinstance(parse(\"1.0\"), Version)\n\n\ndef test_parse_raises():\n    with pytest.raises(InvalidVersion):\n        parse(\"lolwat\")\n\n\n# This list must be in the correct sorting order\nVERSIONS = [\n    # Implicit epoch of 0\n    \"1.0.dev456\",\n    \"1.0a1\",\n    \"1.0a2.dev456\",\n    \"1.0a12.dev456\",\n    \"1.0a12\",\n    \"1.0b1.dev456\",\n    \"1.0b2\",\n    \"1.0b2.post345.dev456\",\n    \"1.0b2.post345\",\n    \"1.0b2-346\",\n    \"1.0c1.dev456\",\n    \"1.0c1\",\n    \"1.0rc2\",\n    \"1.0c3\",\n    \"1.0\",\n    \"1.0.post456.dev34\",\n    \"1.0.post456\",\n    \"1.1.dev1\",\n    \"1.2+123abc\",\n    \"1.2+123abc456\",\n    \"1.2+abc\",\n    \"1.2+abc123\",\n    \"1.2+abc123def\",\n    \"1.2+1234.abc\",\n    \"1.2+123456\",\n    \"1.2.r32+123456\",\n    \"1.2.rev33+123456\",\n    # Explicit epoch of 1\n    \"1!1.0.dev456\",\n    \"1!1.0a1\",\n    \"1!1.0a2.dev456\",\n    \"1!1.0a12.dev456\",\n    \"1!1.0a12\",\n    \"1!1.0b1.dev456\",\n    \"1!1.0b2\",\n    \"1!1.0b2.post345.dev456\",\n    \"1!1.0b2.post345\",\n    \"1!1.0b2-346\",\n    \"1!1.0c1.dev456\",\n    \"1!1.0c1\",\n    \"1!1.0rc2\",\n    \"1!1.0c3\",\n    \"1!1.0\",\n    \"1!1.0.post456.dev34\",\n    \"1!1.0.post456\",\n    \"1!1.1.dev1\",\n    \"1!1.2+123abc\",\n    \"1!1.2+123abc456\",\n    \"1!1.2+abc\",\n    \"1!1.2+abc123\",\n    \"1!1.2+abc123def\",\n    \"1!1.2+1234.abc\",\n    \"1!1.2+123456\",\n    \"1!1.2.r32+123456\",\n    \"1!1.2.rev33+123456\",\n]\n\n\nclass TestVersion:\n    @pytest.mark.parametrize(\"version\", VERSIONS)\n    def test_valid_versions(self, version):\n        Version(version)\n\n    @pytest.mark.parametrize(\n        \"version\",\n        [\n            # Non sensical versions should be invalid\n            \"french toast\",\n            # Versions with invalid local versions\n            \"1.0+a+\",\n            \"1.0++\",\n            \"1.0+_foobar\",\n            \"1.0+foo&asd\",\n            \"1.0+1+1\",\n        ],\n    )\n    def test_invalid_versions(self, version):\n        with pytest.raises(InvalidVersion):\n            Version(version)\n\n    @pytest.mark.parametrize(\n        (\"version\", \"normalized\"),\n        [\n            # Various development release incarnations\n            (\"1.0dev\", \"1.0.dev0\"),\n            (\"1.0.dev\", \"1.0.dev0\"),\n            (\"1.0dev1\", \"1.0.dev1\"),\n            (\"1.0dev\", \"1.0.dev0\"),\n            (\"1.0-dev\", \"1.0.dev0\"),\n            (\"1.0-dev1\", \"1.0.dev1\"),\n            (\"1.0DEV\", \"1.0.dev0\"),\n            (\"1.0.DEV\", \"1.0.dev0\"),\n            (\"1.0DEV1\", \"1.0.dev1\"),\n            (\"1.0DEV\", \"1.0.dev0\"),\n            (\"1.0.DEV1\", \"1.0.dev1\"),\n            (\"1.0-DEV\", \"1.0.dev0\"),\n            (\"1.0-DEV1\", \"1.0.dev1\"),\n            # Various alpha incarnations\n            (\"1.0a\", \"1.0a0\"),\n            (\"1.0.a\", \"1.0a0\"),\n            (\"1.0.a1\", \"1.0a1\"),\n            (\"1.0-a\", \"1.0a0\"),\n            (\"1.0-a1\", \"1.0a1\"),\n            (\"1.0alpha\", \"1.0a0\"),\n            (\"1.0.alpha\", \"1.0a0\"),\n            (\"1.0.alpha1\", \"1.0a1\"),\n            (\"1.0-alpha\", \"1.0a0\"),\n            (\"1.0-alpha1\", \"1.0a1\"),\n            (\"1.0A\", \"1.0a0\"),\n            (\"1.0.A\", \"1.0a0\"),\n            (\"1.0.A1\", \"1.0a1\"),\n            (\"1.0-A\", \"1.0a0\"),\n            (\"1.0-A1\", \"1.0a1\"),\n            (\"1.0ALPHA\", \"1.0a0\"),\n            (\"1.0.ALPHA\", \"1.0a0\"),\n            (\"1.0.ALPHA1\", \"1.0a1\"),\n            (\"1.0-ALPHA\", \"1.0a0\"),\n            (\"1.0-ALPHA1\", \"1.0a1\"),\n            # Various beta incarnations\n            (\"1.0b\", \"1.0b0\"),\n            (\"1.0.b\", \"1.0b0\"),\n            (\"1.0.b1\", \"1.0b1\"),\n            (\"1.0-b\", \"1.0b0\"),\n            (\"1.0-b1\", \"1.0b1\"),\n            (\"1.0beta\", \"1.0b0\"),\n            (\"1.0.beta\", \"1.0b0\"),\n            (\"1.0.beta1\", \"1.0b1\"),\n            (\"1.0-beta\", \"1.0b0\"),\n            (\"1.0-beta1\", \"1.0b1\"),\n            (\"1.0B\", \"1.0b0\"),\n            (\"1.0.B\", \"1.0b0\"),\n            (\"1.0.B1\", \"1.0b1\"),\n            (\"1.0-B\", \"1.0b0\"),\n            (\"1.0-B1\", \"1.0b1\"),\n            (\"1.0BETA\", \"1.0b0\"),\n            (\"1.0.BETA\", \"1.0b0\"),\n            (\"1.0.BETA1\", \"1.0b1\"),\n            (\"1.0-BETA\", \"1.0b0\"),\n            (\"1.0-BETA1\", \"1.0b1\"),\n            # Various release candidate incarnations\n            (\"1.0c\", \"1.0rc0\"),\n            (\"1.0.c\", \"1.0rc0\"),\n            (\"1.0.c1\", \"1.0rc1\"),\n            (\"1.0-c\", \"1.0rc0\"),\n            (\"1.0-c1\", \"1.0rc1\"),\n            (\"1.0rc\", \"1.0rc0\"),\n            (\"1.0.rc\", \"1.0rc0\"),\n            (\"1.0.rc1\", \"1.0rc1\"),\n            (\"1.0-rc\", \"1.0rc0\"),\n            (\"1.0-rc1\", \"1.0rc1\"),\n            (\"1.0C\", \"1.0rc0\"),\n            (\"1.0.C\", \"1.0rc0\"),\n            (\"1.0.C1\", \"1.0rc1\"),\n            (\"1.0-C\", \"1.0rc0\"),\n            (\"1.0-C1\", \"1.0rc1\"),\n            (\"1.0RC\", \"1.0rc0\"),\n            (\"1.0.RC\", \"1.0rc0\"),\n            (\"1.0.RC1\", \"1.0rc1\"),\n            (\"1.0-RC\", \"1.0rc0\"),\n            (\"1.0-RC1\", \"1.0rc1\"),\n            # Various post release incarnations\n            (\"1.0post\", \"1.0.post0\"),\n            (\"1.0.post\", \"1.0.post0\"),\n            (\"1.0post1\", \"1.0.post1\"),\n            (\"1.0post\", \"1.0.post0\"),\n            (\"1.0-post\", \"1.0.post0\"),\n            (\"1.0-post1\", \"1.0.post1\"),\n            (\"1.0POST\", \"1.0.post0\"),\n            (\"1.0.POST\", \"1.0.post0\"),\n            (\"1.0POST1\", \"1.0.post1\"),\n            (\"1.0POST\", \"1.0.post0\"),\n            (\"1.0r\", \"1.0.post0\"),\n            (\"1.0rev\", \"1.0.post0\"),\n            (\"1.0.POST1\", \"1.0.post1\"),\n            (\"1.0.r1\", \"1.0.post1\"),\n            (\"1.0.rev1\", \"1.0.post1\"),\n            (\"1.0-POST\", \"1.0.post0\"),\n            (\"1.0-POST1\", \"1.0.post1\"),\n            (\"1.0-5\", \"1.0.post5\"),\n            (\"1.0-r5\", \"1.0.post5\"),\n            (\"1.0-rev5\", \"1.0.post5\"),\n            # Local version case insensitivity\n            (\"1.0+AbC\", \"1.0+abc\"),\n            # Integer Normalization\n            (\"1.01\", \"1.1\"),\n            (\"1.0a05\", \"1.0a5\"),\n            (\"1.0b07\", \"1.0b7\"),\n            (\"1.0c056\", \"1.0rc56\"),\n            (\"1.0rc09\", \"1.0rc9\"),\n            (\"1.0.post000\", \"1.0.post0\"),\n            (\"1.1.dev09000\", \"1.1.dev9000\"),\n            (\"00!1.2\", \"1.2\"),\n            (\"0100!0.0\", \"100!0.0\"),\n            # Various other normalizations\n            (\"v1.0\", \"1.0\"),\n            (\"   v1.0\\t\\n\", \"1.0\"),\n        ],\n    )\n    def test_normalized_versions(self, version, normalized):\n        assert str(Version(version)) == normalized\n\n    @pytest.mark.parametrize(\n        (\"version\", \"expected\"),\n        [\n            (\"1.0.dev456\", \"1.0.dev456\"),\n            (\"1.0a1\", \"1.0a1\"),\n            (\"1.0a2.dev456\", \"1.0a2.dev456\"),\n            (\"1.0a12.dev456\", \"1.0a12.dev456\"),\n            (\"1.0a12\", \"1.0a12\"),\n            (\"1.0b1.dev456\", \"1.0b1.dev456\"),\n            (\"1.0b2\", \"1.0b2\"),\n            (\"1.0b2.post345.dev456\", \"1.0b2.post345.dev456\"),\n            (\"1.0b2.post345\", \"1.0b2.post345\"),\n            (\"1.0rc1.dev456\", \"1.0rc1.dev456\"),\n            (\"1.0rc1\", \"1.0rc1\"),\n            (\"1.0\", \"1.0\"),\n            (\"1.0.post456.dev34\", \"1.0.post456.dev34\"),\n            (\"1.0.post456\", \"1.0.post456\"),\n            (\"1.0.1\", \"1.0.1\"),\n            (\"0!1.0.2\", \"1.0.2\"),\n            (\"1.0.3+7\", \"1.0.3+7\"),\n            (\"0!1.0.4+8.0\", \"1.0.4+8.0\"),\n            (\"1.0.5+9.5\", \"1.0.5+9.5\"),\n            (\"1.2+1234.abc\", \"1.2+1234.abc\"),\n            (\"1.2+123456\", \"1.2+123456\"),\n            (\"1.2+123abc\", \"1.2+123abc\"),\n            (\"1.2+123abc456\", \"1.2+123abc456\"),\n            (\"1.2+abc\", \"1.2+abc\"),\n            (\"1.2+abc123\", \"1.2+abc123\"),\n            (\"1.2+abc123def\", \"1.2+abc123def\"),\n            (\"1.1.dev1\", \"1.1.dev1\"),\n            (\"7!1.0.dev456\", \"7!1.0.dev456\"),\n            (\"7!1.0a1\", \"7!1.0a1\"),\n            (\"7!1.0a2.dev456\", \"7!1.0a2.dev456\"),\n            (\"7!1.0a12.dev456\", \"7!1.0a12.dev456\"),\n            (\"7!1.0a12\", \"7!1.0a12\"),\n            (\"7!1.0b1.dev456\", \"7!1.0b1.dev456\"),\n            (\"7!1.0b2\", \"7!1.0b2\"),\n            (\"7!1.0b2.post345.dev456\", \"7!1.0b2.post345.dev456\"),\n            (\"7!1.0b2.post345\", \"7!1.0b2.post345\"),\n            (\"7!1.0rc1.dev456\", \"7!1.0rc1.dev456\"),\n            (\"7!1.0rc1\", \"7!1.0rc1\"),\n            (\"7!1.0\", \"7!1.0\"),\n            (\"7!1.0.post456.dev34\", \"7!1.0.post456.dev34\"),\n            (\"7!1.0.post456\", \"7!1.0.post456\"),\n            (\"7!1.0.1\", \"7!1.0.1\"),\n            (\"7!1.0.2\", \"7!1.0.2\"),\n            (\"7!1.0.3+7\", \"7!1.0.3+7\"),\n            (\"7!1.0.4+8.0\", \"7!1.0.4+8.0\"),\n            (\"7!1.0.5+9.5\", \"7!1.0.5+9.5\"),\n            (\"7!1.1.dev1\", \"7!1.1.dev1\"),\n        ],\n    )\n    def test_version_str_repr(self, version, expected):\n        assert str(Version(version)) == expected\n        assert repr(Version(version)) == f\"<Version({expected!r})>\"\n\n    def test_version_rc_and_c_equals(self):\n        assert Version(\"1.0rc1\") == Version(\"1.0c1\")\n\n    @pytest.mark.parametrize(\"version\", VERSIONS)\n    def test_version_hash(self, version):\n        assert hash(Version(version)) == hash(Version(version))\n\n    @pytest.mark.parametrize(\n        (\"version\", \"public\"),\n        [\n            (\"1.0\", \"1.0\"),\n            (\"1.0.dev0\", \"1.0.dev0\"),\n            (\"1.0.dev6\", \"1.0.dev6\"),\n            (\"1.0a1\", \"1.0a1\"),\n            (\"1.0a1.post5\", \"1.0a1.post5\"),\n            (\"1.0a1.post5.dev6\", \"1.0a1.post5.dev6\"),\n            (\"1.0rc4\", \"1.0rc4\"),\n            (\"1.0.post5\", \"1.0.post5\"),\n            (\"1!1.0\", \"1!1.0\"),\n            (\"1!1.0.dev6\", \"1!1.0.dev6\"),\n            (\"1!1.0a1\", \"1!1.0a1\"),\n            (\"1!1.0a1.post5\", \"1!1.0a1.post5\"),\n            (\"1!1.0a1.post5.dev6\", \"1!1.0a1.post5.dev6\"),\n            (\"1!1.0rc4\", \"1!1.0rc4\"),\n            (\"1!1.0.post5\", \"1!1.0.post5\"),\n            (\"1.0+deadbeef\", \"1.0\"),\n            (\"1.0.dev6+deadbeef\", \"1.0.dev6\"),\n            (\"1.0a1+deadbeef\", \"1.0a1\"),\n            (\"1.0a1.post5+deadbeef\", \"1.0a1.post5\"),\n            (\"1.0a1.post5.dev6+deadbeef\", \"1.0a1.post5.dev6\"),\n            (\"1.0rc4+deadbeef\", \"1.0rc4\"),\n            (\"1.0.post5+deadbeef\", \"1.0.post5\"),\n            (\"1!1.0+deadbeef\", \"1!1.0\"),\n            (\"1!1.0.dev6+deadbeef\", \"1!1.0.dev6\"),\n            (\"1!1.0a1+deadbeef\", \"1!1.0a1\"),\n            (\"1!1.0a1.post5+deadbeef\", \"1!1.0a1.post5\"),\n            (\"1!1.0a1.post5.dev6+deadbeef\", \"1!1.0a1.post5.dev6\"),\n            (\"1!1.0rc4+deadbeef\", \"1!1.0rc4\"),\n            (\"1!1.0.post5+deadbeef\", \"1!1.0.post5\"),\n        ],\n    )\n    def test_version_public(self, version, public):\n        assert Version(version).public == public\n\n    @pytest.mark.parametrize(\n        (\"version\", \"base_version\"),\n        [\n            (\"1.0\", \"1.0\"),\n            (\"1.0.dev0\", \"1.0\"),\n            (\"1.0.dev6\", \"1.0\"),\n            (\"1.0a1\", \"1.0\"),\n            (\"1.0a1.post5\", \"1.0\"),\n            (\"1.0a1.post5.dev6\", \"1.0\"),\n            (\"1.0rc4\", \"1.0\"),\n            (\"1.0.post5\", \"1.0\"),\n            (\"1!1.0\", \"1!1.0\"),\n            (\"1!1.0.dev6\", \"1!1.0\"),\n            (\"1!1.0a1\", \"1!1.0\"),\n            (\"1!1.0a1.post5\", \"1!1.0\"),\n            (\"1!1.0a1.post5.dev6\", \"1!1.0\"),\n            (\"1!1.0rc4\", \"1!1.0\"),\n            (\"1!1.0.post5\", \"1!1.0\"),\n            (\"1.0+deadbeef\", \"1.0\"),\n            (\"1.0.dev6+deadbeef\", \"1.0\"),\n            (\"1.0a1+deadbeef\", \"1.0\"),\n            (\"1.0a1.post5+deadbeef\", \"1.0\"),\n            (\"1.0a1.post5.dev6+deadbeef\", \"1.0\"),\n            (\"1.0rc4+deadbeef\", \"1.0\"),\n            (\"1.0.post5+deadbeef\", \"1.0\"),\n            (\"1!1.0+deadbeef\", \"1!1.0\"),\n            (\"1!1.0.dev6+deadbeef\", \"1!1.0\"),\n            (\"1!1.0a1+deadbeef\", \"1!1.0\"),\n            (\"1!1.0a1.post5+deadbeef\", \"1!1.0\"),\n            (\"1!1.0a1.post5.dev6+deadbeef\", \"1!1.0\"),\n            (\"1!1.0rc4+deadbeef\", \"1!1.0\"),\n            (\"1!1.0.post5+deadbeef\", \"1!1.0\"),\n        ],\n    )\n    def test_version_base_version(self, version, base_version):\n        assert Version(version).base_version == base_version\n\n    @pytest.mark.parametrize(\n        (\"version\", \"epoch\"),\n        [\n            (\"1.0\", 0),\n            (\"1.0.dev0\", 0),\n            (\"1.0.dev6\", 0),\n            (\"1.0a1\", 0),\n            (\"1.0a1.post5\", 0),\n            (\"1.0a1.post5.dev6\", 0),\n            (\"1.0rc4\", 0),\n            (\"1.0.post5\", 0),\n            (\"1!1.0\", 1),\n            (\"1!1.0.dev6\", 1),\n            (\"1!1.0a1\", 1),\n            (\"1!1.0a1.post5\", 1),\n            (\"1!1.0a1.post5.dev6\", 1),\n            (\"1!1.0rc4\", 1),\n            (\"1!1.0.post5\", 1),\n            (\"1.0+deadbeef\", 0),\n            (\"1.0.dev6+deadbeef\", 0),\n            (\"1.0a1+deadbeef\", 0),\n            (\"1.0a1.post5+deadbeef\", 0),\n            (\"1.0a1.post5.dev6+deadbeef\", 0),\n            (\"1.0rc4+deadbeef\", 0),\n            (\"1.0.post5+deadbeef\", 0),\n            (\"1!1.0+deadbeef\", 1),\n            (\"1!1.0.dev6+deadbeef\", 1),\n            (\"1!1.0a1+deadbeef\", 1),\n            (\"1!1.0a1.post5+deadbeef\", 1),\n            (\"1!1.0a1.post5.dev6+deadbeef\", 1),\n            (\"1!1.0rc4+deadbeef\", 1),\n            (\"1!1.0.post5+deadbeef\", 1),\n        ],\n    )\n    def test_version_epoch(self, version, epoch):\n        assert Version(version).epoch == epoch\n\n    @pytest.mark.parametrize(\n        (\"version\", \"release\"),\n        [\n            (\"1.0\", (1, 0)),\n            (\"1.0.dev0\", (1, 0)),\n            (\"1.0.dev6\", (1, 0)),\n            (\"1.0a1\", (1, 0)),\n            (\"1.0a1.post5\", (1, 0)),\n            (\"1.0a1.post5.dev6\", (1, 0)),\n            (\"1.0rc4\", (1, 0)),\n            (\"1.0.post5\", (1, 0)),\n            (\"1!1.0\", (1, 0)),\n            (\"1!1.0.dev6\", (1, 0)),\n            (\"1!1.0a1\", (1, 0)),\n            (\"1!1.0a1.post5\", (1, 0)),\n            (\"1!1.0a1.post5.dev6\", (1, 0)),\n            (\"1!1.0rc4\", (1, 0)),\n            (\"1!1.0.post5\", (1, 0)),\n            (\"1.0+deadbeef\", (1, 0)),\n            (\"1.0.dev6+deadbeef\", (1, 0)),\n            (\"1.0a1+deadbeef\", (1, 0)),\n            (\"1.0a1.post5+deadbeef\", (1, 0)),\n            (\"1.0a1.post5.dev6+deadbeef\", (1, 0)),\n            (\"1.0rc4+deadbeef\", (1, 0)),\n            (\"1.0.post5+deadbeef\", (1, 0)),\n            (\"1!1.0+deadbeef\", (1, 0)),\n            (\"1!1.0.dev6+deadbeef\", (1, 0)),\n            (\"1!1.0a1+deadbeef\", (1, 0)),\n            (\"1!1.0a1.post5+deadbeef\", (1, 0)),\n            (\"1!1.0a1.post5.dev6+deadbeef\", (1, 0)),\n            (\"1!1.0rc4+deadbeef\", (1, 0)),\n            (\"1!1.0.post5+deadbeef\", (1, 0)),\n        ],\n    )\n    def test_version_release(self, version, release):\n        assert Version(version).release == release\n\n    @pytest.mark.parametrize(\n        (\"version\", \"local\"),\n        [\n            (\"1.0\", None),\n            (\"1.0.dev0\", None),\n            (\"1.0.dev6\", None),\n            (\"1.0a1\", None),\n            (\"1.0a1.post5\", None),\n            (\"1.0a1.post5.dev6\", None),\n            (\"1.0rc4\", None),\n            (\"1.0.post5\", None),\n            (\"1!1.0\", None),\n            (\"1!1.0.dev6\", None),\n            (\"1!1.0a1\", None),\n            (\"1!1.0a1.post5\", None),\n            (\"1!1.0a1.post5.dev6\", None),\n            (\"1!1.0rc4\", None),\n            (\"1!1.0.post5\", None),\n            (\"1.0+deadbeef\", \"deadbeef\"),\n            (\"1.0.dev6+deadbeef\", \"deadbeef\"),\n            (\"1.0a1+deadbeef\", \"deadbeef\"),\n            (\"1.0a1.post5+deadbeef\", \"deadbeef\"),\n            (\"1.0a1.post5.dev6+deadbeef\", \"deadbeef\"),\n            (\"1.0rc4+deadbeef\", \"deadbeef\"),\n            (\"1.0.post5+deadbeef\", \"deadbeef\"),\n            (\"1!1.0+deadbeef\", \"deadbeef\"),\n            (\"1!1.0.dev6+deadbeef\", \"deadbeef\"),\n            (\"1!1.0a1+deadbeef\", \"deadbeef\"),\n            (\"1!1.0a1.post5+deadbeef\", \"deadbeef\"),\n            (\"1!1.0a1.post5.dev6+deadbeef\", \"deadbeef\"),\n            (\"1!1.0rc4+deadbeef\", \"deadbeef\"),\n            (\"1!1.0.post5+deadbeef\", \"deadbeef\"),\n        ],\n    )\n    def test_version_local(self, version, local):\n        assert Version(version).local == local\n\n    @pytest.mark.parametrize(\n        (\"version\", \"pre\"),\n        [\n            (\"1.0\", None),\n            (\"1.0.dev0\", None),\n            (\"1.0.dev6\", None),\n            (\"1.0a1\", (\"a\", 1)),\n            (\"1.0a1.post5\", (\"a\", 1)),\n            (\"1.0a1.post5.dev6\", (\"a\", 1)),\n            (\"1.0rc4\", (\"rc\", 4)),\n            (\"1.0.post5\", None),\n            (\"1!1.0\", None),\n            (\"1!1.0.dev6\", None),\n            (\"1!1.0a1\", (\"a\", 1)),\n            (\"1!1.0a1.post5\", (\"a\", 1)),\n            (\"1!1.0a1.post5.dev6\", (\"a\", 1)),\n            (\"1!1.0rc4\", (\"rc\", 4)),\n            (\"1!1.0.post5\", None),\n            (\"1.0+deadbeef\", None),\n            (\"1.0.dev6+deadbeef\", None),\n            (\"1.0a1+deadbeef\", (\"a\", 1)),\n            (\"1.0a1.post5+deadbeef\", (\"a\", 1)),\n            (\"1.0a1.post5.dev6+deadbeef\", (\"a\", 1)),\n            (\"1.0rc4+deadbeef\", (\"rc\", 4)),\n            (\"1.0.post5+deadbeef\", None),\n            (\"1!1.0+deadbeef\", None),\n            (\"1!1.0.dev6+deadbeef\", None),\n            (\"1!1.0a1+deadbeef\", (\"a\", 1)),\n            (\"1!1.0a1.post5+deadbeef\", (\"a\", 1)),\n            (\"1!1.0a1.post5.dev6+deadbeef\", (\"a\", 1)),\n            (\"1!1.0rc4+deadbeef\", (\"rc\", 4)),\n            (\"1!1.0.post5+deadbeef\", None),\n        ],\n    )\n    def test_version_pre(self, version, pre):\n        assert Version(version).pre == pre\n\n    @pytest.mark.parametrize(\n        (\"version\", \"expected\"),\n        [\n            (\"1.0.dev0\", True),\n            (\"1.0.dev1\", True),\n            (\"1.0a1.dev1\", True),\n            (\"1.0b1.dev1\", True),\n            (\"1.0c1.dev1\", True),\n            (\"1.0rc1.dev1\", True),\n            (\"1.0a1\", True),\n            (\"1.0b1\", True),\n            (\"1.0c1\", True),\n            (\"1.0rc1\", True),\n            (\"1.0a1.post1.dev1\", True),\n            (\"1.0b1.post1.dev1\", True),\n            (\"1.0c1.post1.dev1\", True),\n            (\"1.0rc1.post1.dev1\", True),\n            (\"1.0a1.post1\", True),\n            (\"1.0b1.post1\", True),\n            (\"1.0c1.post1\", True),\n            (\"1.0rc1.post1\", True),\n            (\"1.0\", False),\n            (\"1.0+dev\", False),\n            (\"1.0.post1\", False),\n            (\"1.0.post1+dev\", False),\n        ],\n    )\n    def test_version_is_prerelease(self, version, expected):\n        assert Version(version).is_prerelease is expected\n\n    @pytest.mark.parametrize(\n        (\"version\", \"dev\"),\n        [\n            (\"1.0\", None),\n            (\"1.0.dev0\", 0),\n            (\"1.0.dev6\", 6),\n            (\"1.0a1\", None),\n            (\"1.0a1.post5\", None),\n            (\"1.0a1.post5.dev6\", 6),\n            (\"1.0rc4\", None),\n            (\"1.0.post5\", None),\n            (\"1!1.0\", None),\n            (\"1!1.0.dev6\", 6),\n            (\"1!1.0a1\", None),\n            (\"1!1.0a1.post5\", None),\n            (\"1!1.0a1.post5.dev6\", 6),\n            (\"1!1.0rc4\", None),\n            (\"1!1.0.post5\", None),\n            (\"1.0+deadbeef\", None),\n            (\"1.0.dev6+deadbeef\", 6),\n            (\"1.0a1+deadbeef\", None),\n            (\"1.0a1.post5+deadbeef\", None),\n            (\"1.0a1.post5.dev6+deadbeef\", 6),\n            (\"1.0rc4+deadbeef\", None),\n            (\"1.0.post5+deadbeef\", None),\n            (\"1!1.0+deadbeef\", None),\n            (\"1!1.0.dev6+deadbeef\", 6),\n            (\"1!1.0a1+deadbeef\", None),\n            (\"1!1.0a1.post5+deadbeef\", None),\n            (\"1!1.0a1.post5.dev6+deadbeef\", 6),\n            (\"1!1.0rc4+deadbeef\", None),\n            (\"1!1.0.post5+deadbeef\", None),\n        ],\n    )\n    def test_version_dev(self, version, dev):\n        assert Version(version).dev == dev\n\n    @pytest.mark.parametrize(\n        (\"version\", \"expected\"),\n        [\n            (\"1.0\", False),\n            (\"1.0.dev0\", True),\n            (\"1.0.dev6\", True),\n            (\"1.0a1\", False),\n            (\"1.0a1.post5\", False),\n            (\"1.0a1.post5.dev6\", True),\n            (\"1.0rc4\", False),\n            (\"1.0.post5\", False),\n            (\"1!1.0\", False),\n            (\"1!1.0.dev6\", True),\n            (\"1!1.0a1\", False),\n            (\"1!1.0a1.post5\", False),\n            (\"1!1.0a1.post5.dev6\", True),\n            (\"1!1.0rc4\", False),\n            (\"1!1.0.post5\", False),\n            (\"1.0+deadbeef\", False),\n            (\"1.0.dev6+deadbeef\", True),\n            (\"1.0a1+deadbeef\", False),\n            (\"1.0a1.post5+deadbeef\", False),\n            (\"1.0a1.post5.dev6+deadbeef\", True),\n            (\"1.0rc4+deadbeef\", False),\n            (\"1.0.post5+deadbeef\", False),\n            (\"1!1.0+deadbeef\", False),\n            (\"1!1.0.dev6+deadbeef\", True),\n            (\"1!1.0a1+deadbeef\", False),\n            (\"1!1.0a1.post5+deadbeef\", False),\n            (\"1!1.0a1.post5.dev6+deadbeef\", True),\n            (\"1!1.0rc4+deadbeef\", False),\n            (\"1!1.0.post5+deadbeef\", False),\n        ],\n    )\n    def test_version_is_devrelease(self, version, expected):\n        assert Version(version).is_devrelease is expected\n\n    @pytest.mark.parametrize(\n        (\"version\", \"post\"),\n        [\n            (\"1.0\", None),\n            (\"1.0.dev0\", None),\n            (\"1.0.dev6\", None),\n            (\"1.0a1\", None),\n            (\"1.0a1.post5\", 5),\n            (\"1.0a1.post5.dev6\", 5),\n            (\"1.0rc4\", None),\n            (\"1.0.post5\", 5),\n            (\"1!1.0\", None),\n            (\"1!1.0.dev6\", None),\n            (\"1!1.0a1\", None),\n            (\"1!1.0a1.post5\", 5),\n            (\"1!1.0a1.post5.dev6\", 5),\n            (\"1!1.0rc4\", None),\n            (\"1!1.0.post5\", 5),\n            (\"1.0+deadbeef\", None),\n            (\"1.0.dev6+deadbeef\", None),\n            (\"1.0a1+deadbeef\", None),\n            (\"1.0a1.post5+deadbeef\", 5),\n            (\"1.0a1.post5.dev6+deadbeef\", 5),\n            (\"1.0rc4+deadbeef\", None),\n            (\"1.0.post5+deadbeef\", 5),\n            (\"1!1.0+deadbeef\", None),\n            (\"1!1.0.dev6+deadbeef\", None),\n            (\"1!1.0a1+deadbeef\", None),\n            (\"1!1.0a1.post5+deadbeef\", 5),\n            (\"1!1.0a1.post5.dev6+deadbeef\", 5),\n            (\"1!1.0rc4+deadbeef\", None),\n            (\"1!1.0.post5+deadbeef\", 5),\n        ],\n    )\n    def test_version_post(self, version, post):\n        assert Version(version).post == post\n\n    @pytest.mark.parametrize(\n        (\"version\", \"expected\"),\n        [\n            (\"1.0.dev1\", False),\n            (\"1.0\", False),\n            (\"1.0+foo\", False),\n            (\"1.0.post1.dev1\", True),\n            (\"1.0.post1\", True),\n        ],\n    )\n    def test_version_is_postrelease(self, version, expected):\n        assert Version(version).is_postrelease is expected\n\n    @pytest.mark.parametrize(\n        (\"left\", \"right\", \"op\"),\n        # Below we'll generate every possible combination of VERSIONS that\n        # should be True for the given operator\n        itertools.chain.from_iterable(\n            # Verify that the less than (<) operator works correctly\n            [\n                [(x, y, operator.lt) for y in VERSIONS[i + 1 :]]\n                for i, x in enumerate(VERSIONS)\n            ]\n            +\n            # Verify that the less than equal (<=) operator works correctly\n            [\n                [(x, y, operator.le) for y in VERSIONS[i:]]\n                for i, x in enumerate(VERSIONS)\n            ]\n            +\n            # Verify that the equal (==) operator works correctly\n            [[(x, x, operator.eq) for x in VERSIONS]]\n            +\n            # Verify that the not equal (!=) operator works correctly\n            [\n                [(x, y, operator.ne) for j, y in enumerate(VERSIONS) if i != j]\n                for i, x in enumerate(VERSIONS)\n            ]\n            +\n            # Verify that the greater than equal (>=) operator works correctly\n            [\n                [(x, y, operator.ge) for y in VERSIONS[: i + 1]]\n                for i, x in enumerate(VERSIONS)\n            ]\n            +\n            # Verify that the greater than (>) operator works correctly\n            [\n                [(x, y, operator.gt) for y in VERSIONS[:i]]\n                for i, x in enumerate(VERSIONS)\n            ]\n        ),\n    )\n    def test_comparison_true(self, left, right, op):\n        assert op(Version(left), Version(right))\n\n    @pytest.mark.parametrize(\n        (\"left\", \"right\", \"op\"),\n        # Below we'll generate every possible combination of VERSIONS that\n        # should be False for the given operator\n        itertools.chain.from_iterable(\n            # Verify that the less than (<) operator works correctly\n            [\n                [(x, y, operator.lt) for y in VERSIONS[: i + 1]]\n                for i, x in enumerate(VERSIONS)\n            ]\n            +\n            # Verify that the less than equal (<=) operator works correctly\n            [\n                [(x, y, operator.le) for y in VERSIONS[:i]]\n                for i, x in enumerate(VERSIONS)\n            ]\n            +\n            # Verify that the equal (==) operator works correctly\n            [\n                [(x, y, operator.eq) for j, y in enumerate(VERSIONS) if i != j]\n                for i, x in enumerate(VERSIONS)\n            ]\n            +\n            # Verify that the not equal (!=) operator works correctly\n            [[(x, x, operator.ne) for x in VERSIONS]]\n            +\n            # Verify that the greater than equal (>=) operator works correctly\n            [\n                [(x, y, operator.ge) for y in VERSIONS[i + 1 :]]\n                for i, x in enumerate(VERSIONS)\n            ]\n            +\n            # Verify that the greater than (>) operator works correctly\n            [\n                [(x, y, operator.gt) for y in VERSIONS[i:]]\n                for i, x in enumerate(VERSIONS)\n            ]\n        ),\n    )\n    def test_comparison_false(self, left, right, op):\n        assert not op(Version(left), Version(right))\n\n    @pytest.mark.parametrize(\"op\", [\"lt\", \"le\", \"eq\", \"ge\", \"gt\", \"ne\"])\n    def test_dunder_op_returns_notimplemented(self, op):\n        method = getattr(Version, f\"__{op}__\")\n        assert method(Version(\"1\"), 1) is NotImplemented\n\n    @pytest.mark.parametrize((\"op\", \"expected\"), [(\"eq\", False), (\"ne\", True)])\n    def test_compare_other(self, op, expected):\n        other = pretend.stub(**{f\"__{op}__\": lambda other: NotImplemented})\n\n        assert getattr(operator, op)(Version(\"1\"), other) is expected\n\n    def test_major_version(self):\n        assert Version(\"2.1.0\").major == 2\n\n    def test_minor_version(self):\n        assert Version(\"2.1.0\").minor == 1\n        assert Version(\"2\").minor == 0\n\n    def test_micro_version(self):\n        assert Version(\"2.1.3\").micro == 3\n        assert Version(\"2.1\").micro == 0\n        assert Version(\"2\").micro == 0\n",
        "language": "python",
        "line": 1,
        "path": "tests/test_version.py",
        "symbols": [
          "InvalidVersion",
          "TestVersion",
          "Version",
          "base_version",
          "dev",
          "epoch",
          "is_devrelease",
          "is_postrelease",
          "is_prerelease",
          "local",
          "major",
          "micro",
          "minor",
          "operator",
          "parse",
          "post",
          "pre",
          "public",
          "release",
          "test_compare_other",
          "test_comparison_false",
          "test_comparison_true",
          "test_dunder_op_returns_notimplemented",
          "test_invalid_versions",
          "test_major_version",
          "test_micro_version",
          "test_minor_version",
          "test_normalized_versions",
          "test_parse",
          "test_parse_raises",
          "test_valid_versions",
          "test_version_base_version",
          "test_version_dev",
          "test_version_epoch",
          "test_version_hash",
          "test_version_is_devrelease",
          "test_version_is_postrelease",
          "test_version_is_prerelease",
          "test_version_local",
          "test_version_post",
          "test_version_pre",
          "test_version_public",
          "test_version_rc_and_c_equals",
          "test_version_release",
          "test_version_str_repr",
          "version"
        ]
      },
      {
        "code": "# This file is dual licensed under the terms of the Apache License, Version\n# 2.0, and the BSD License. See the LICENSE file in the root of this repository\n# for complete details.\n\nimport itertools\nimport operator\n\nimport pytest\n\nfrom packaging.specifiers import InvalidSpecifier, Specifier, SpecifierSet\nfrom packaging.version import Version, parse\n\nfrom .test_version import VERSIONS\n\nLEGACY_SPECIFIERS = [\n    \"==2.1.0.3\",\n    \"!=2.2.0.5\",\n    \"<=5\",\n    \">=7.9a1\",\n    \"<1.0.dev1\",\n    \">2.0.post1\",\n]\n\nSPECIFIERS = [\n    \"~=2.0\",\n    \"==2.1.*\",\n    \"==2.1.0.3\",\n    \"!=2.2.*\",\n    \"!=2.2.0.5\",\n    \"<=5\",\n    \">=7.9a1\",\n    \"<1.0.dev1\",\n    \">2.0.post1\",\n]\n\n\nclass TestSpecifier:\n    @pytest.mark.parametrize(\"specifier\", SPECIFIERS)\n    def test_specifiers_valid(self, specifier):\n        Specifier(specifier)\n\n    @pytest.mark.parametrize(\n        \"specifier\",\n        [\n            # Operator-less specifier\n            \"2.0\",\n            # Invalid operator\n            \"=>2.0\",\n            # Version-less specifier\n            \"==\",\n            # Local segment on operators which don't support them\n            \"~=1.0+5\",\n            \">=1.0+deadbeef\",\n            \"<=1.0+abc123\",\n            \">1.0+watwat\",\n            \"<1.0+1.0\",\n            # Prefix matching on operators which don't support them\n            \"~=1.0.*\",\n            \">=1.0.*\",\n            \"<=1.0.*\",\n            \">1.0.*\",\n            \"<1.0.*\",\n            # Combination of local and prefix matching on operators which do\n            # support one or the other\n            \"==1.0.*+5\",\n            \"!=1.0.*+deadbeef\",\n            # Prefix matching cannot be used with a pre-release, post-release,\n            # dev or local version\n            \"==2.0a1.*\",\n            \"!=2.0a1.*\",\n            \"==2.0.post1.*\",\n            \"!=2.0.post1.*\",\n            \"==2.0.dev1.*\",\n            \"!=2.0.dev1.*\",\n            \"==1.0+5.*\",\n            \"!=1.0+deadbeef.*\",\n            # Prefix matching must appear at the end\n            \"==1.0.*.5\",\n            # Compatible operator requires 2 digits in the release operator\n            \"~=1\",\n            # Cannot use a prefix matching after a .devN version\n            \"==1.0.dev1.*\",\n            \"!=1.0.dev1.*\",\n        ],\n    )\n    def test_specifiers_invalid(self, specifier):\n        with pytest.raises(InvalidSpecifier):\n            Specifier(specifier)\n\n    @pytest.mark.parametrize(\n        \"version\",\n        [\n            # Various development release incarnations\n            \"1.0dev\",\n            \"1.0.dev\",\n            \"1.0dev1\",\n            \"1.0dev\",\n            \"1.0-dev\",\n            \"1.0-dev1\",\n            \"1.0DEV\",\n            \"1.0.DEV\",\n            \"1.0DEV1\",\n            \"1.0DEV\",\n            \"1.0.DEV1\",\n            \"1.0-DEV\",\n            \"1.0-DEV1\",\n            # Various alpha incarnations\n            \"1.0a\",\n            \"1.0.a\",\n            \"1.0.a1\",\n            \"1.0-a\",\n            \"1.0-a1\",\n            \"1.0alpha\",\n            \"1.0.alpha\",\n            \"1.0.alpha1\",\n            \"1.0-alpha\",\n            \"1.0-alpha1\",\n            \"1.0A\",\n            \"1.0.A\",\n            \"1.0.A1\",\n            \"1.0-A\",\n            \"1.0-A1\",\n            \"1.0ALPHA\",\n            \"1.0.ALPHA\",\n            \"1.0.ALPHA1\",\n            \"1.0-ALPHA\",\n            \"1.0-ALPHA1\",\n            # Various beta incarnations\n            \"1.0b\",\n            \"1.0.b\",\n            \"1.0.b1\",\n            \"1.0-b\",\n            \"1.0-b1\",\n            \"1.0beta\",\n            \"1.0.beta\",\n            \"1.0.beta1\",\n            \"1.0-beta\",\n            \"1.0-beta1\",\n            \"1.0B\",\n            \"1.0.B\",\n            \"1.0.B1\",\n            \"1.0-B\",\n            \"1.0-B1\",\n            \"1.0BETA\",\n            \"1.0.BETA\",\n            \"1.0.BETA1\",\n            \"1.0-BETA\",\n            \"1.0-BETA1\",\n            # Various release candidate incarnations\n            \"1.0c\",\n            \"1.0.c\",\n            \"1.0.c1\",\n            \"1.0-c\",\n            \"1.0-c1\",\n            \"1.0rc\",\n            \"1.0.rc\",\n            \"1.0.rc1\",\n            \"1.0-rc\",\n            \"1.0-rc1\",\n            \"1.0C\",\n            \"1.0.C\",\n            \"1.0.C1\",\n            \"1.0-C\",\n            \"1.0-C1\",\n            \"1.0RC\",\n            \"1.0.RC\",\n            \"1.0.RC1\",\n            \"1.0-RC\",\n            \"1.0-RC1\",\n            # Various post release incarnations\n            \"1.0post\",\n            \"1.0.post\",\n            \"1.0post1\",\n            \"1.0post\",\n            \"1.0-post\",\n            \"1.0-post1\",\n            \"1.0POST\",\n            \"1.0.POST\",\n            \"1.0POST1\",\n            \"1.0POST\",\n            \"1.0.POST1\",\n            \"1.0-POST\",\n            \"1.0-POST1\",\n            \"1.0-5\",\n            # Local version case insensitivity\n            \"1.0+AbC\"\n            # Integer Normalization\n            \"1.01\",\n            \"1.0a05\",\n            \"1.0b07\",\n            \"1.0c056\",\n            \"1.0rc09\",\n            \"1.0.post000\",\n            \"1.1.dev09000\",\n            \"00!1.2\",\n            \"0100!0.0\",\n            # Various other normalizations\n            \"v1.0\",\n            \"  \\r \\f \\v v1.0\\t\\n\",\n        ],\n    )\n    def test_specifiers_normalized(self, version):\n        if \"+\" not in version:\n            ops = [\"~=\", \"==\", \"!=\", \"<=\", \">=\", \"<\", \">\"]\n        else:\n            ops = [\"==\", \"!=\"]\n\n        for op in ops:\n            Specifier(op + version)\n\n    @pytest.mark.parametrize(\n        (\"specifier\", \"expected\"),\n        [\n            # Single item specifiers should just be reflexive\n            (\"!=2.0\", \"!=2.0\"),\n            (\"<2.0\", \"<2.0\"),\n            (\"<=2.0\", \"<=2.0\"),\n            (\"==2.0\", \"==2.0\"),\n            (\">2.0\", \">2.0\"),\n            (\">=2.0\", \">=2.0\"),\n            (\"~=2.0\", \"~=2.0\"),\n            # Spaces should be removed\n            (\"< 2\", \"<2\"),\n        ],\n    )\n    def test_specifiers_str_and_repr(self, specifier, expected):\n        spec = Specifier(specifier)\n\n        assert str(spec) == expected\n        assert repr(spec) == f\"<Specifier({expected!r})>\"\n\n    @pytest.mark.parametrize(\"specifier\", SPECIFIERS)\n    def test_specifiers_hash(self, specifier):\n        assert hash(Specifier(specifier)) == hash(Specifier(specifier))\n\n    @pytest.mark.parametrize(\n        (\"left\", \"right\", \"op\"),\n        itertools.chain.from_iterable(\n            # Verify that the equal (==) operator works correctly\n            [[(x, x, operator.eq) for x in SPECIFIERS]]\n            +\n            # Verify that the not equal (!=) operator works correctly\n            [\n                [(x, y, operator.ne) for j, y in enumerate(SPECIFIERS) if i != j]\n                for i, x in enumerate(SPECIFIERS)\n            ]\n        ),\n    )\n    def test_comparison_true(self, left, right, op):\n        assert op(Specifier(left), Specifier(right))\n        assert op(left, Specifier(right))\n        assert op(Specifier(left), right)\n\n    @pytest.mark.parametrize((\"left\", \"right\"), [(\"==2.8.0\", \"==2.8\")])\n    def test_comparison_canonicalizes(self, left, right):\n        assert Specifier(left) == Specifier(right)\n        assert left == Specifier(right)\n        assert Specifier(left) == right\n\n    @pytest.mark.parametrize(\n        (\"left\", \"right\", \"op\"),\n        itertools.chain.from_iterable(\n            # Verify that the equal (==) operator works correctly\n            [[(x, x, operator.ne) for x in SPECIFIERS]]\n            +\n            # Verify that the not equal (!=) operator works correctly\n            [\n                [(x, y, operator.eq) for j, y in enumerate(SPECIFIERS) if i != j]\n                for i, x in enumerate(SPECIFIERS)\n            ]\n        ),\n    )\n    def test_comparison_false(self, left, right, op):\n        assert not op(Specifier(left), Specifier(right))\n        assert not op(left, Specifier(right))\n        assert not op(Specifier(left), right)\n\n    def test_comparison_non_specifier(self):\n        assert Specifier(\"==1.0\") != 12\n        assert not Specifier(\"==1.0\") == 12\n        assert Specifier(\"==1.0\") != \"12\"\n        assert not Specifier(\"==1.0\") == \"12\"\n\n    @pytest.mark.parametrize(\n        (\"version\", \"spec\", \"expected\"),\n        [\n            (v, s, True)\n            for v, s in [\n                # Test the equality operation\n                (\"2.0\", \"==2\"),\n                (\"2.0\", \"==2.0\"),\n                (\"2.0\", \"==2.0.0\"),\n                (\"2.0+deadbeef\", \"==2\"),\n                (\"2.0+deadbeef\", \"==2.0\"),\n                (\"2.0+deadbeef\", \"==2.0.0\"),\n                (\"2.0+deadbeef\", \"==2+deadbeef\"),\n                (\"2.0+deadbeef\", \"==2.0+deadbeef\"),\n                (\"2.0+deadbeef\", \"==2.0.0+deadbeef\"),\n                (\"2.0+deadbeef.0\", \"==2.0.0+deadbeef.00\"),\n                # Test the equality operation with a prefix\n                (\"2.dev1\", \"==2.*\"),\n                (\"2a1\", \"==2.*\"),\n                (\"2a1.post1\", \"==2.*\"),\n                (\"2b1\", \"==2.*\"),\n                (\"2b1.dev1\", \"==2.*\"),\n                (\"2c1\", \"==2.*\"),\n                (\"2c1.post1.dev1\", \"==2.*\"),\n                (\"2c1.post1.dev1\", \"==2.0.*\"),\n                (\"2rc1\", \"==2.*\"),\n                (\"2rc1\", \"==2.0.*\"),\n                (\"2\", \"==2.*\"),\n                (\"2\", \"==2.0.*\"),\n                (\"2\", \"==0!2.*\"),\n                (\"0!2\", \"==2.*\"),\n                (\"2.0\", \"==2.*\"),\n                (\"2.0.0\", \"==2.*\"),\n                (\"2.1+local.version\", \"==2.1.*\"),\n                # Test the in-equality operation\n                (\"2.1\", \"!=2\"),\n                (\"2.1\", \"!=2.0\"),\n                (\"2.0.1\", \"!=2\"),\n                (\"2.0.1\", \"!=2.0\"),\n                (\"2.0.1\", \"!=2.0.0\"),\n                (\"2.0\", \"!=2.0+deadbeef\"),\n                # Test the in-equality operation with a prefix\n                (\"2.0\", \"!=3.*\"),\n                (\"2.1\", \"!=2.0.*\"),\n                # Test the greater than equal operation\n                (\"2.0\", \">=2\"),\n                (\"2.0\", \">=2.0\"),\n                (\"2.0\", \">=2.0.0\"),\n                (\"2.0.post1\", \">=2\"),\n                (\"2.0.post1.dev1\", \">=2\"),\n                (\"3\", \">=2\"),\n                # Test the less than equal operation\n                (\"2.0\", \"<=2\"),\n                (\"2.0\", \"<=2.0\"),\n                (\"2.0\", \"<=2.0.0\"),\n                (\"2.0.dev1\", \"<=2\"),\n                (\"2.0a1\", \"<=2\"),\n                (\"2.0a1.dev1\", \"<=2\"),\n                (\"2.0b1\", \"<=2\"),\n                (\"2.0b1.post1\", \"<=2\"),\n                (\"2.0c1\", \"<=2\"),\n                (\"2.0c1.post1.dev1\", \"<=2\"),\n                (\"2.0rc1\", \"<=2\"),\n                (\"1\", \"<=2\"),\n                # Test the greater than operation\n                (\"3\", \">2\"),\n                (\"2.1\", \">2.0\"),\n                (\"2.0.1\", \">2\"),\n                (\"2.1.post1\", \">2\"),\n                (\"2.1+local.version\", \">2\"),\n                # Test the less than operation\n                (\"1\", \"<2\"),\n                (\"2.0\", \"<2.1\"),\n                (\"2.0.dev0\", \"<2.1\"),\n                # Test the compatibility operation\n                (\"1\", \"~=1.0\"),\n                (\"1.0.1\", \"~=1.0\"),\n                (\"1.1\", \"~=1.0\"),\n                (\"1.9999999\", \"~=1.0\"),\n                (\"1.1\", \"~=1.0a1\"),\n                (\"2022.01.01\", \"~=2022.01.01\"),\n                # Test that epochs are handled sanely\n                (\"2!1.0\", \"~=2!1.0\"),\n                (\"2!1.0\", \"==2!1.*\"),\n                (\"2!1.0\", \"==2!1.0\"),\n                (\"2!1.0\", \"!=1.0\"),\n                (\"2!1.0.0\", \"==2!1.0.0.0.*\"),\n                (\"2!1.0.0\", \"==2!1.0.*\"),\n                (\"2!1.0.0\", \"==2!1.*\"),\n                (\"1.0\", \"!=2!1.0\"),\n                (\"1.0\", \"<=2!0.1\"),\n                (\"2!1.0\", \">=2.0\"),\n                (\"1.0\", \"<2!0.1\"),\n                (\"2!1.0\", \">2.0\"),\n                # Test some normalization rules\n                (\"2.0.5\", \">2.0dev\"),\n            ]\n        ]\n        + [\n            (v, s, False)\n            for v, s in [\n                # Test the equality operation\n                (\"2.1\", \"==2\"),\n                (\"2.1\", \"==2.0\"),\n                (\"2.1\", \"==2.0.0\"),\n                (\"2.0\", \"==2.0+deadbeef\"),\n                # Test the equality operation with a prefix\n                (\"2.0\", \"==3.*\"),\n                (\"2.1\", \"==2.0.*\"),\n                # Test the in-equality operation\n                (\"2.0\", \"!=2\"),\n                (\"2.0\", \"!=2.0\"),\n                (\"2.0\", \"!=2.0.0\"),\n                (\"2.0+deadbeef\", \"!=2\"),\n                (\"2.0+deadbeef\", \"!=2.0\"),\n                (\"2.0+deadbeef\", \"!=2.0.0\"),\n                (\"2.0+deadbeef\", \"!=2+deadbeef\"),\n                (\"2.0+deadbeef\", \"!=2.0+deadbeef\"),\n                (\"2.0+deadbeef\", \"!=2.0.0+deadbeef\"),\n                (\"2.0+deadbeef.0\", \"!=2.0.0+deadbeef.00\"),\n                # Test the in-equality operation with a prefix\n                (\"2.dev1\", \"!=2.*\"),\n                (\"2a1\", \"!=2.*\"),\n                (\"2a1.post1\", \"!=2.*\"),\n                (\"2b1\", \"!=2.*\"),\n                (\"2b1.dev1\", \"!=2.*\"),\n                (\"2c1\", \"!=2.*\"),\n                (\"2c1.post1.dev1\", \"!=2.*\"),\n                (\"2c1.post1.dev1\", \"!=2.0.*\"),\n                (\"2rc1\", \"!=2.*\"),\n                (\"2rc1\", \"!=2.0.*\"),\n                (\"2\", \"!=2.*\"),\n                (\"2\", \"!=2.0.*\"),\n                (\"2.0\", \"!=2.*\"),\n                (\"2.0.0\", \"!=2.*\"),\n                # Test the greater than equal operation\n                (\"2.0.dev1\", \">=2\"),\n                (\"2.0a1\", \">=2\"),\n                (\"2.0a1.dev1\", \">=2\"),\n                (\"2.0b1\", \">=2\"),\n                (\"2.0b1.post1\", \">=2\"),\n                (\"2.0c1\", \">=2\"),\n                (\"2.0c1.post1.dev1\", \">=2\"),\n                (\"2.0rc1\", \">=2\"),\n                (\"1\", \">=2\"),\n                # Test the less than equal operation\n                (\"2.0.post1\", \"<=2\"),\n                (\"2.0.post1.dev1\", \"<=2\"),\n                (\"3\", \"<=2\"),\n                # Test the greater than operation\n                (\"1\", \">2\"),\n                (\"2.0.dev1\", \">2\"),\n                (\"2.0a1\", \">2\"),\n                (\"2.0a1.post1\", \">2\"),\n                (\"2.0b1\", \">2\"),\n                (\"2.0b1.dev1\", \">2\"),\n                (\"2.0c1\", \">2\"),\n                (\"2.0c1.post1.dev1\", \">2\"),\n                (\"2.0rc1\", \">2\"),\n                (\"2.0\", \">2\"),\n                (\"2.0.post1\", \">2\"),\n                (\"2.0.post1.dev1\", \">2\"),\n                (\"2.0+local.version\", \">2\"),\n                # Test the less than operation\n                (\"2.0.dev1\", \"<2\"),\n                (\"2.0a1\", \"<2\"),\n                (\"2.0a1.post1\", \"<2\"),\n                (\"2.0b1\", \"<2\"),\n                (\"2.0b2.dev1\", \"<2\"),\n                (\"2.0c1\", \"<2\"),\n                (\"2.0c1.post1.dev1\", \"<2\"),\n                (\"2.0rc1\", \"<2\"),\n                (\"2.0\", \"<2\"),\n                (\"2.post1\", \"<2\"),\n                (\"2.post1.dev1\", \"<2\"),\n                (\"3\", \"<2\"),\n                # Test the compatibility operation\n                (\"2.0\", \"~=1.0\"),\n                (\"1.1.0\", \"~=1.0.0\"),\n                (\"1.1.post1\", \"~=1.0.0\"),\n                # Test that epochs are handled sanely\n                (\"1.0\", \"~=2!1.0\"),\n                (\"2!1.0\", \"~=1.0\"),\n                (\"2!1.0\", \"==1.0\"),\n                (\"1.0\", \"==2!1.0\"),\n                (\"2!1.0\", \"==1.0.0.*\"),\n                (\"1.0\", \"==2!1.0.0.*\"),\n                (\"2!1.0\", \"==1.*\"),\n                (\"1.0\", \"==2!1.*\"),\n                (\"2!1.0\", \"!=2!1.0\"),\n            ]\n        ],\n    )\n    def test_specifiers(self, version, spec, expected):\n        spec = Specifier(spec, prereleases=True)\n\n        if expected:\n            # Test that the plain string form works\n            assert version in spec\n            assert spec.contains(version)\n\n            # Test that the version instance form works\n            assert Version(version) in spec\n            assert spec.contains(Version(version))\n        else:\n            # Test that the plain string form works\n            assert version not in spec\n            assert not spec.contains(version)\n\n            # Test that the version instance form works\n            assert Version(version) not in spec\n            assert not spec.contains(Version(version))\n\n    @pytest.mark.parametrize(\n        (\"version\", \"spec\", \"expected\"),\n        [\n            (\"1.0.0\", \"===1.0\", False),\n            (\"1.0.dev0\", \"===1.0\", False),\n            # Test identity comparison by itself\n            (\"1.0\", \"===1.0\", True),\n            (\"1.0.dev0\", \"===1.0.dev0\", True),\n        ],\n    )\n    def test_specifiers_identity(self, version, spec, expected):\n        spec = Specifier(spec)\n\n        if expected:\n            # Identity comparisons only support the plain string form\n            assert version in spec\n        else:\n            # Identity comparisons only support the plain string form\n            assert version not in spec\n\n    @pytest.mark.parametrize(\n        (\"specifier\", \"expected\"),\n        [\n            (\"==1.0\", False),\n            (\">=1.0\", False),\n            (\"<=1.0\", False),\n            (\"~=1.0\", False),\n            (\"<1.0\", False),\n            (\">1.0\", False),\n            (\"<1.0.dev1\", False),\n            (\">1.0.dev1\", False),\n            (\"==1.0.*\", False),\n            (\"==1.0.dev1\", True),\n            (\">=1.0.dev1\", True),\n            (\"<=1.0.dev1\", True),\n            (\"~=1.0.dev1\", True),\n        ],\n    )\n    def test_specifier_prereleases_detection(self, specifier, expected):\n        assert Specifier(specifier).prereleases == expected\n\n    @pytest.mark.parametrize(\n        (\"specifier\", \"version\", \"expected\"),\n        [\n            (\">=1.0\", \"2.0.dev1\", False),\n            (\">=2.0.dev1\", \"2.0a1\", True),\n            (\"==2.0.*\", \"2.0a1.dev1\", False),\n            (\"<=2.0\", \"1.0.dev1\", False),\n            (\"<=2.0.dev1\", \"1.0a1\", True),\n        ],\n    )\n    def test_specifiers_prereleases(self, specifier, version, expected):\n        spec = Specifier(specifier)\n\n        if expected:\n            assert version in spec\n            spec.prereleases = False\n            assert version not in spec\n        else:\n            assert version not in spec\n            spec.prereleases = True\n            assert version in spec\n\n    @pytest.mark.parametrize(\n        (\"specifier\", \"prereleases\", \"input\", \"expected\"),\n        [\n            (\">=1.0\", None, [\"2.0a1\"], [\"2.0a1\"]),\n            (\">=1.0.dev1\", None, [\"1.0\", \"2.0a1\"], [\"1.0\", \"2.0a1\"]),\n            (\">=1.0.dev1\", False, [\"1.0\", \"2.0a1\"], [\"1.0\"]),\n        ],\n    )\n    def test_specifier_filter(self, specifier, prereleases, input, expected):\n        spec = Specifier(specifier)\n\n        kwargs = {\"prereleases\": prereleases} if prereleases is not None else {}\n\n        assert list(spec.filter(input, **kwargs)) == expected\n\n    @pytest.mark.parametrize(\n        (\"spec\", \"op\"),\n        [\n            (\"~=2.0\", \"~=\"),\n            (\"==2.1.*\", \"==\"),\n            (\"==2.1.0.3\", \"==\"),\n            (\"!=2.2.*\", \"!=\"),\n            (\"!=2.2.0.5\", \"!=\"),\n            (\"<=5\", \"<=\"),\n            (\">=7.9a1\", \">=\"),\n            (\"<1.0.dev1\", \"<\"),\n            (\">2.0.post1\", \">\"),\n            # === is an escape hatch in PEP 440\n            (\"===lolwat\", \"===\"),\n        ],\n    )\n    def test_specifier_operator_property(self, spec, op):\n        assert Specifier(spec).operator == op\n\n    @pytest.mark.parametrize(\n        (\"spec\", \"version\"),\n        [\n            (\"~=2.0\", \"2.0\"),\n            (\"==2.1.*\", \"2.1.*\"),\n            (\"==2.1.0.3\", \"2.1.0.3\"),\n            (\"!=2.2.*\", \"2.2.*\"),\n            (\"!=2.2.0.5\", \"2.2.0.5\"),\n            (\"<=5\", \"5\"),\n            (\">=7.9a1\", \"7.9a1\"),\n            (\"<1.0.dev1\", \"1.0.dev1\"),\n            (\">2.0.post1\", \"2.0.post1\"),\n            # === is an escape hatch in PEP 440\n            (\"===lolwat\", \"lolwat\"),\n        ],\n    )\n    def test_specifier_version_property(self, spec, version):\n        assert Specifier(spec).version == version\n\n    @pytest.mark.parametrize(\n        (\"spec\", \"expected_length\"),\n        [(\"\", 0), (\"==2.0\", 1), (\">=2.0\", 1), (\">=2.0,<3\", 2), (\">=2.0,<3,==2.4\", 3)],\n    )\n    def test_length(self, spec, expected_length):\n        spec = SpecifierSet(spec)\n        assert len(spec) == expected_length\n\n    @pytest.mark.parametrize(\n        (\"spec\", \"expected_items\"),\n        [\n            (\"\", []),\n            (\"==2.0\", [\"==2.0\"]),\n            (\">=2.0\", [\">=2.0\"]),\n            (\">=2.0,<3\", [\">=2.0\", \"<3\"]),\n            (\">=2.0,<3,==2.4\", [\">=2.0\", \"<3\", \"==2.4\"]),\n        ],\n    )\n    def test_iteration(self, spec, expected_items):\n        spec = SpecifierSet(spec)\n        items = {str(item) for item in spec}\n        assert items == set(expected_items)\n\n    def test_specifier_equal_for_compatible_operator(self):\n        assert Specifier(\"~=1.18.0\") != Specifier(\"~=1.18\")\n\n    def test_specifier_hash_for_compatible_operator(self):\n        assert hash(Specifier(\"~=1.18.0\")) != hash(Specifier(\"~=1.18\"))\n\n\nclass TestSpecifierSet:\n    @pytest.mark.parametrize(\"version\", VERSIONS)\n    def test_empty_specifier(self, version):\n        spec = SpecifierSet(prereleases=True)\n\n        assert version in spec\n        assert spec.contains(version)\n        assert parse(version) in spec\n        assert spec.contains(parse(version))\n\n    def test_specifier_prereleases_explicit(self):\n        spec = SpecifierSet()\n        assert not spec.prereleases\n        assert \"1.0.dev1\" not in spec\n        assert not spec.contains(\"1.0.dev1\")\n        spec.prereleases = True\n        assert spec.prereleases\n        assert \"1.0.dev1\" in spec\n        assert spec.contains(\"1.0.dev1\")\n\n        spec = SpecifierSet(prereleases=True)\n        assert spec.prereleases\n        assert \"1.0.dev1\" in spec\n        assert spec.contains(\"1.0.dev1\")\n        spec.prereleases = False\n        assert not spec.prereleases\n        assert \"1.0.dev1\" not in spec\n        assert not spec.contains(\"1.0.dev1\")\n\n        spec = SpecifierSet(prereleases=True)\n        assert spec.prereleases\n        assert \"1.0.dev1\" in spec\n        assert spec.contains(\"1.0.dev1\")\n        spec.prereleases = None\n        assert not spec.prereleases\n        assert \"1.0.dev1\" not in spec\n        assert not spec.contains(\"1.0.dev1\")\n\n    def test_specifier_contains_prereleases(self):\n        spec = SpecifierSet()\n        assert spec.prereleases is None\n        assert not spec.contains(\"1.0.dev1\")\n        assert spec.contains(\"1.0.dev1\", prereleases=True)\n\n        spec = SpecifierSet(prereleases=True)\n        assert spec.prereleases\n        assert spec.contains(\"1.0.dev1\")\n        assert not spec.contains(\"1.0.dev1\", prereleases=False)\n\n    def test_specifier_contains_installed_prereleases(self):\n        spec = SpecifierSet(\"~=1.0\")\n        assert not spec.contains(\"1.0.0.dev1\", installed=True)\n        assert spec.contains(\"1.0.0.dev1\", prereleases=True, installed=True)\n\n        spec = SpecifierSet(\"~=1.0\", prereleases=True)\n        assert spec.contains(\"1.0.0.dev1\", installed=True)\n        assert not spec.contains(\"1.0.0.dev1\", prereleases=False, installed=False)\n\n    @pytest.mark.parametrize(\n        (\"specifier\", \"specifier_prereleases\", \"prereleases\", \"input\", \"expected\"),\n        [\n            # General test of the filter method\n            (\"\", None, None, [\"1.0\", \"2.0a1\"], [\"1.0\"]),\n            (\">=1.0.dev1\", None, None, [\"1.0\", \"2.0a1\"], [\"1.0\", \"2.0a1\"]),\n            (\"\", None, None, [\"1.0a1\"], [\"1.0a1\"]),\n            (\"\", None, None, [\"1.0\", Version(\"2.0\")], [\"1.0\", Version(\"2.0\")]),\n            # Test overriding with the prereleases parameter on filter\n            (\"\", None, False, [\"1.0a1\"], []),\n            (\">=1.0.dev1\", None, False, [\"1.0\", \"2.0a1\"], [\"1.0\"]),\n            (\"\", None, True, [\"1.0\", \"2.0a1\"], [\"1.0\", \"2.0a1\"]),\n            # Test overriding with the overall specifier\n            (\"\", True, None, [\"1.0\", \"2.0a1\"], [\"1.0\", \"2.0a1\"]),\n            (\"\", False, None, [\"1.0\", \"2.0a1\"], [\"1.0\"]),\n            (\">=1.0.dev1\", True, None, [\"1.0\", \"2.0a1\"], [\"1.0\", \"2.0a1\"]),\n            (\">=1.0.dev1\", False, None, [\"1.0\", \"2.0a1\"], [\"1.0\"]),\n            (\"\", True, None, [\"1.0a1\"], [\"1.0a1\"]),\n            (\"\", False, None, [\"1.0a1\"], []),\n        ],\n    )\n    def test_specifier_filter(\n        self, specifier_prereleases, specifier, prereleases, input, expected\n    ):\n        if specifier_prereleases is None:\n            spec = SpecifierSet(specifier)\n        else:\n            spec = SpecifierSet(specifier, prereleases=specifier_prereleases)\n\n        kwargs = {\"prereleases\": prereleases} if prereleases is not None else {}\n\n        assert list(spec.filter(input, **kwargs)) == expected\n\n    @pytest.mark.parametrize(\n        (\"specifier\", \"expected\"),\n        [\n            # Single item specifiers should just be reflexive\n            (\"!=2.0\", \"!=2.0\"),\n            (\"<2.0\", \"<2.0\"),\n            (\"<=2.0\", \"<=2.0\"),\n            (\"==2.0\", \"==2.0\"),\n            (\">2.0\", \">2.0\"),\n            (\">=2.0\", \">=2.0\"),\n            (\"~=2.0\", \"~=2.0\"),\n            # Spaces should be removed\n            (\"< 2\", \"<2\"),\n            # Multiple item specifiers should work\n            (\"!=2.0,>1.0\", \"!=2.0,>1.0\"),\n            (\"!=2.0 ,>1.0\", \"!=2.0,>1.0\"),\n        ],\n    )\n    def test_specifiers_str_and_repr(self, specifier, expected):\n        spec = SpecifierSet(specifier)\n\n        assert str(spec) == expected\n        assert repr(spec) == f\"<SpecifierSet({expected!r})>\"\n\n    @pytest.mark.parametrize(\"specifier\", SPECIFIERS + LEGACY_SPECIFIERS)\n    def test_specifiers_hash(self, specifier):\n        assert hash(SpecifierSet(specifier)) == hash(SpecifierSet(specifier))\n\n    @pytest.mark.parametrize(\n        (\"left\", \"right\", \"expected\"), [(\">2.0\", \"<5.0\", \">2.0,<5.0\")]\n    )\n    def test_specifiers_combine(self, left, right, expected):\n        result = SpecifierSet(left) & SpecifierSet(right)\n        assert result == SpecifierSet(expected)\n\n        result = SpecifierSet(left) & right\n        assert result == SpecifierSet(expected)\n\n        result = SpecifierSet(left, prereleases=True) & SpecifierSet(right)\n        assert result == SpecifierSet(expected)\n        assert result.prereleases\n\n        result = SpecifierSet(left, prereleases=False) & SpecifierSet(right)\n        assert result == SpecifierSet(expected)\n        assert not result.prereleases\n\n        result = SpecifierSet(left) & SpecifierSet(right, prereleases=True)\n        assert result == SpecifierSet(expected)\n        assert result.prereleases\n\n        result = SpecifierSet(left) & SpecifierSet(right, prereleases=False)\n        assert result == SpecifierSet(expected)\n        assert not result.prereleases\n\n        result = SpecifierSet(left, prereleases=True) & SpecifierSet(\n            right, prereleases=True\n        )\n        assert result == SpecifierSet(expected)\n        assert result.prereleases\n\n        result = SpecifierSet(left, prereleases=False) & SpecifierSet(\n            right, prereleases=False\n        )\n        assert result == SpecifierSet(expected)\n        assert not result.prereleases\n\n        with pytest.raises(ValueError):\n            result = SpecifierSet(left, prereleases=True) & SpecifierSet(\n                right, prereleases=False\n            )\n\n        with pytest.raises(ValueError):\n            result = SpecifierSet(left, prereleases=False) & SpecifierSet(\n                right, prereleases=True\n            )\n\n    def test_specifiers_combine_not_implemented(self):\n        with pytest.raises(TypeError):\n            SpecifierSet() & 12\n\n    @pytest.mark.parametrize(\n        (\"left\", \"right\", \"op\"),\n        itertools.chain.from_iterable(\n            # Verify that the equal (==) operator works correctly\n            [[(x, x, operator.eq) for x in SPECIFIERS]]\n            +\n            # Verify that the not equal (!=) operator works correctly\n            [\n                [(x, y, operator.ne) for j, y in enumerate(SPECIFIERS) if i != j]\n                for i, x in enumerate(SPECIFIERS)\n            ]\n        ),\n    )\n    def test_comparison_true(self, left, right, op):\n        assert op(SpecifierSet(left), SpecifierSet(right))\n        assert op(SpecifierSet(left), Specifier(right))\n        assert op(Specifier(left), SpecifierSet(right))\n        assert op(left, SpecifierSet(right))\n        assert op(SpecifierSet(left), right)\n\n    @pytest.mark.parametrize(\n        (\"left\", \"right\", \"op\"),\n        itertools.chain.from_iterable(\n            # Verify that the equal (==) operator works correctly\n            [[(x, x, operator.ne) for x in SPECIFIERS]]\n            +\n            # Verify that the not equal (!=) operator works correctly\n            [\n                [(x, y, operator.eq) for j, y in enumerate(SPECIFIERS) if i != j]\n                for i, x in enumerate(SPECIFIERS)\n            ]\n        ),\n    )\n    def test_comparison_false(self, left, right, op):\n        assert not op(SpecifierSet(left), SpecifierSet(right))\n        assert not op(SpecifierSet(left), Specifier(right))\n        assert not op(Specifier(left), SpecifierSet(right))\n        assert not op(left, SpecifierSet(right))\n        assert not op(SpecifierSet(left), right)\n\n    @pytest.mark.parametrize((\"left\", \"right\"), [(\"==2.8.0\", \"==2.8\")])\n    def test_comparison_canonicalizes(self, left, right):\n        assert SpecifierSet(left) == SpecifierSet(right)\n        assert left == SpecifierSet(right)\n        assert SpecifierSet(left) == right\n\n    def test_comparison_non_specifier(self):\n        assert SpecifierSet(\"==1.0\") != 12\n        assert not SpecifierSet(\"==1.0\") == 12\n\n    @pytest.mark.parametrize(\n        (\"version\", \"specifier\", \"expected\"),\n        [\n            (\"1.0.0+local\", \"==1.0.0\", True),\n            (\"1.0.0+local\", \"!=1.0.0\", False),\n            (\"1.0.0+local\", \"<=1.0.0\", True),\n            (\"1.0.0+local\", \">=1.0.0\", True),\n            (\"1.0.0+local\", \"<1.0.0\", False),\n            (\"1.0.0+local\", \">1.0.0\", False),\n        ],\n    )\n    def test_comparison_ignores_local(self, version, specifier, expected):\n        assert (Version(version) in SpecifierSet(specifier)) == expected\n\n    def test_contains_with_compatible_operator(self):\n        combination = SpecifierSet(\"~=1.18.0\") & SpecifierSet(\"~=1.18\")\n        assert \"1.19.5\" not in combination\n        assert \"1.18.0\" in combination\n",
        "language": "python",
        "line": 1,
        "path": "tests/test_specifiers.py",
        "symbols": [
          "InvalidSpecifier",
          "Specifier",
          "SpecifierSet",
          "TestSpecifier",
          "TestSpecifierSet",
          "Version",
          "contains",
          "dev",
          "filter",
          "local",
          "operator",
          "parse",
          "post",
          "pre",
          "prereleases",
          "release",
          "test_comparison_canonicalizes",
          "test_comparison_false",
          "test_comparison_ignores_local",
          "test_comparison_non_specifier",
          "test_comparison_true",
          "test_contains_with_compatible_operator",
          "test_empty_specifier",
          "test_iteration",
          "test_length",
          "test_specifier_contains_installed_prereleases",
          "test_specifier_contains_prereleases",
          "test_specifier_equal_for_compatible_operator",
          "test_specifier_filter",
          "test_specifier_hash_for_compatible_operator",
          "test_specifier_operator_property",
          "test_specifier_prereleases_detection",
          "test_specifier_prereleases_explicit",
          "test_specifier_version_property",
          "test_specifiers",
          "test_specifiers_combine",
          "test_specifiers_combine_not_implemented",
          "test_specifiers_hash",
          "test_specifiers_identity",
          "test_specifiers_invalid",
          "test_specifiers_normalized",
          "test_specifiers_prereleases",
          "test_specifiers_str_and_repr",
          "test_specifiers_valid",
          "version"
        ]
      },
      {
        "code": "# This file is dual licensed under the terms of the Apache License, Version\n# 2.0, and the BSD License. See the LICENSE file in the root of this repository\n# for complete details.\n\nimport pytest\n\nfrom packaging.tags import Tag\nfrom packaging.utils import (\n    InvalidName,\n    InvalidSdistFilename,\n    InvalidWheelFilename,\n    canonicalize_name,\n    canonicalize_version,\n    is_normalized_name,\n    parse_sdist_filename,\n    parse_wheel_filename,\n)\nfrom packaging.version import Version\n\n\n@pytest.mark.parametrize(\n    (\"name\", \"expected\"),\n    [\n        (\"foo\", \"foo\"),\n        (\"Foo\", \"foo\"),\n        (\"fOo\", \"foo\"),\n        (\"foo.bar\", \"foo-bar\"),\n        (\"Foo.Bar\", \"foo-bar\"),\n        (\"Foo.....Bar\", \"foo-bar\"),\n        (\"foo_bar\", \"foo-bar\"),\n        (\"foo___bar\", \"foo-bar\"),\n        (\"foo-bar\", \"foo-bar\"),\n        (\"foo----bar\", \"foo-bar\"),\n    ],\n)\ndef test_canonicalize_name(name, expected):\n    assert canonicalize_name(name) == expected\n\n\ndef test_canonicalize_name_invalid():\n    with pytest.raises(InvalidName):\n        canonicalize_name(\"_not_legal\", validate=True)\n    assert canonicalize_name(\"_not_legal\") == \"-not-legal\"\n\n\n@pytest.mark.parametrize(\n    (\"name\", \"expected\"),\n    [\n        (\"foo\", \"foo\"),\n        (\"Foo\", \"foo\"),\n        (\"fOo\", \"foo\"),\n        (\"foo.bar\", \"foo-bar\"),\n        (\"Foo.Bar\", \"foo-bar\"),\n        (\"Foo.....Bar\", \"foo-bar\"),\n        (\"foo_bar\", \"foo-bar\"),\n        (\"foo___bar\", \"foo-bar\"),\n        (\"foo-bar\", \"foo-bar\"),\n        (\"foo----bar\", \"foo-bar\"),\n    ],\n)\ndef test_is_normalized_name(name, expected):\n    assert is_normalized_name(expected)\n    if name != expected:\n        assert not is_normalized_name(name)\n\n\n@pytest.mark.parametrize(\n    (\"version\", \"expected\"),\n    [\n        (Version(\"1.4.0\"), \"1.4\"),\n        (\"1.4.0\", \"1.4\"),\n        (\"1.40.0\", \"1.40\"),\n        (\"1.4.0.0.00.000.0000\", \"1.4\"),\n        (\"1.0\", \"1\"),\n        (\"1.0+abc\", \"1+abc\"),\n        (\"1.0.dev0\", \"1.dev0\"),\n        (\"1.0.post0\", \"1.post0\"),\n        (\"1.0a0\", \"1a0\"),\n        (\"1.0rc0\", \"1rc0\"),\n        (\"100!0.0\", \"100!0\"),\n        # improper version strings are unchanged\n        (\"lolwat\", \"lolwat\"),\n        (\"1.0.1-test7\", \"1.0.1-test7\"),\n    ],\n)\ndef test_canonicalize_version(version, expected):\n    assert canonicalize_version(version) == expected\n\n\n@pytest.mark.parametrize((\"version\"), [\"1.4.0\", \"1.0\"])\ndef test_canonicalize_version_no_strip_trailing_zero(version):\n    assert canonicalize_version(version, strip_trailing_zero=False) == version\n\n\n@pytest.mark.parametrize(\n    (\"filename\", \"name\", \"version\", \"build\", \"tags\"),\n    [\n        (\n            \"foo-1.0-py3-none-any.whl\",\n            \"foo\",\n            Version(\"1.0\"),\n            (),\n            {Tag(\"py3\", \"none\", \"any\")},\n        ),\n        (\n            \"some_PACKAGE-1.0-py3-none-any.whl\",\n            \"some-package\",\n            Version(\"1.0\"),\n            (),\n            {Tag(\"py3\", \"none\", \"any\")},\n        ),\n        (\n            \"foo-1.0-1000-py3-none-any.whl\",\n            \"foo\",\n            Version(\"1.0\"),\n            (1000, \"\"),\n            {Tag(\"py3\", \"none\", \"any\")},\n        ),\n        (\n            \"foo-1.0-1000abc-py3-none-any.whl\",\n            \"foo\",\n            Version(\"1.0\"),\n            (1000, \"abc\"),\n            {Tag(\"py3\", \"none\", \"any\")},\n        ),\n    ],\n)\ndef test_parse_wheel_filename(filename, name, version, build, tags):\n    assert parse_wheel_filename(filename) == (name, version, build, tags)\n\n\n@pytest.mark.parametrize(\n    (\"filename\"),\n    [\n        (\"foo-1.0.whl\"),  # Missing tags\n        (\"foo-1.0-py3-none-any.wheel\"),  # Incorrect file extension (`.wheel`)\n        (\"foo__bar-1.0-py3-none-any.whl\"),  # Invalid name (`__`)\n        (\"foo#bar-1.0-py3-none-any.whl\"),  # Invalid name (`#`)\n        (\"foobar-1.x-py3-none-any.whl\"),  # Invalid version (`1.x`)\n        # Build number doesn't start with a digit (`abc`)\n        (\"foo-1.0-abc-py3-none-any.whl\"),\n        (\"foo-1.0-200-py3-none-any-junk.whl\"),  # Too many dashes (`-junk`)\n    ],\n)\ndef test_parse_wheel_invalid_filename(filename):\n    with pytest.raises(InvalidWheelFilename):\n        parse_wheel_filename(filename)\n\n\n@pytest.mark.parametrize(\n    (\"filename\", \"name\", \"version\"),\n    [(\"foo-1.0.tar.gz\", \"foo\", Version(\"1.0\")), (\"foo-1.0.zip\", \"foo\", Version(\"1.0\"))],\n)\ndef test_parse_sdist_filename(filename, name, version):\n    assert parse_sdist_filename(filename) == (name, version)\n\n\n@pytest.mark.parametrize(\n    (\"filename\"),\n    [\n        (\"foo-1.0.xz\"),  # Incorrect extension\n        (\"foo1.0.tar.gz\"),  # Missing separator\n        (\"foo-1.x.tar.gz\"),  # Invalid version\n    ],\n)\ndef test_parse_sdist_invalid_filename(filename):\n    with pytest.raises(InvalidSdistFilename):\n        parse_sdist_filename(filename)\n",
        "language": "python",
        "line": 1,
        "path": "tests/test_utils.py",
        "symbols": [
          "InvalidName",
          "InvalidSdistFilename",
          "InvalidWheelFilename",
          "Tag",
          "Version",
          "canonicalize_name",
          "canonicalize_version",
          "is_normalized_name",
          "parse_sdist_filename",
          "parse_wheel_filename",
          "test_canonicalize_name",
          "test_canonicalize_name_invalid",
          "test_canonicalize_version",
          "test_canonicalize_version_no_strip_trailing_zero",
          "test_is_normalized_name",
          "test_parse_sdist_filename",
          "test_parse_sdist_invalid_filename",
          "test_parse_wheel_filename",
          "test_parse_wheel_invalid_filename",
          "version"
        ]
      },
      {
        "code": "try:\n    import ctypes\nexcept ImportError:\n    ctypes = None\nimport os\nimport pathlib\nimport platform\nimport sys\nimport types\nimport warnings\n\nimport pretend\nimport pytest\n\nfrom packaging import _manylinux\nfrom packaging._manylinux import (\n    _get_glibc_version,\n    _glibc_version_string,\n    _glibc_version_string_confstr,\n    _glibc_version_string_ctypes,\n    _is_compatible,\n    _parse_elf,\n    _parse_glibc_version,\n)\n\n\n@pytest.fixture(autouse=True)\ndef clear_lru_cache():\n    yield\n    _get_glibc_version.cache_clear()\n\n\n@pytest.fixture\ndef manylinux_module(monkeypatch):\n    monkeypatch.setattr(_manylinux, \"_get_glibc_version\", lambda *args: (2, 20))\n    module_name = \"_manylinux\"\n    module = types.ModuleType(module_name)\n    monkeypatch.setitem(sys.modules, module_name, module)\n    return module\n\n\n@pytest.mark.parametrize(\"tf\", (True, False))\n@pytest.mark.parametrize(\n    \"attribute,glibc\", ((\"1\", (2, 5)), (\"2010\", (2, 12)), (\"2014\", (2, 17)))\n)\ndef test_module_declaration(monkeypatch, manylinux_module, attribute, glibc, tf):\n    manylinux = f\"manylinux{attribute}_compatible\"\n    monkeypatch.setattr(manylinux_module, manylinux, tf, raising=False)\n    res = _is_compatible(\"x86_64\", glibc)\n    assert tf is res\n\n\n@pytest.mark.parametrize(\n    \"attribute,glibc\", ((\"1\", (2, 5)), (\"2010\", (2, 12)), (\"2014\", (2, 17)))\n)\ndef test_module_declaration_missing_attribute(\n    monkeypatch, manylinux_module, attribute, glibc\n):\n    manylinux = f\"manylinux{attribute}_compatible\"\n    monkeypatch.delattr(manylinux_module, manylinux, raising=False)\n    assert _is_compatible(\"x86_64\", glibc)\n\n\n@pytest.mark.parametrize(\n    \"version,compatible\", (((2, 0), True), ((2, 5), True), ((2, 10), False))\n)\ndef test_is_manylinux_compatible_glibc_support(version, compatible, monkeypatch):\n    monkeypatch.setitem(sys.modules, \"_manylinux\", None)\n    monkeypatch.setattr(_manylinux, \"_get_glibc_version\", lambda: (2, 5))\n    assert bool(_is_compatible(\"any\", version)) == compatible\n\n\n@pytest.mark.parametrize(\"version_str\", [\"glibc-2.4.5\", \"2\"])\ndef test_check_glibc_version_warning(version_str):\n    with warnings.catch_warnings(record=True) as w:\n        _parse_glibc_version(version_str)\n        assert len(w) == 1\n        assert issubclass(w[0].category, RuntimeWarning)\n\n\n@pytest.mark.skipif(not ctypes, reason=\"requires ctypes\")\n@pytest.mark.parametrize(\n    \"version_str,expected\",\n    [\n        # Be very explicit about bytes and Unicode for Python 2 testing.\n        (b\"2.4\", \"2.4\"),\n        (\"2.4\", \"2.4\"),\n    ],\n)\ndef test_glibc_version_string(version_str, expected, monkeypatch):\n    class LibcVersion:\n        def __init__(self, version_str):\n            self.version_str = version_str\n\n        def __call__(self):\n            return version_str\n\n    class ProcessNamespace:\n        def __init__(self, libc_version):\n            self.gnu_get_libc_version = libc_version\n\n    process_namespace = ProcessNamespace(LibcVersion(version_str))\n    monkeypatch.setattr(ctypes, \"CDLL\", lambda _: process_namespace)\n    monkeypatch.setattr(_manylinux, \"_glibc_version_string_confstr\", lambda: False)\n\n    assert _glibc_version_string() == expected\n\n    del process_namespace.gnu_get_libc_version\n    assert _glibc_version_string() is None\n\n\ndef test_glibc_version_string_confstr(monkeypatch):\n    monkeypatch.setattr(os, \"confstr\", lambda x: \"glibc 2.20\", raising=False)\n    assert _glibc_version_string_confstr() == \"2.20\"\n\n\ndef test_glibc_version_string_fail(monkeypatch):\n    monkeypatch.setattr(os, \"confstr\", lambda x: None, raising=False)\n    monkeypatch.setitem(sys.modules, \"ctypes\", None)\n    assert _glibc_version_string() is None\n    assert _get_glibc_version() == (-1, -1)\n\n\n@pytest.mark.parametrize(\n    \"failure\",\n    [pretend.raiser(ValueError), pretend.raiser(OSError), lambda x: \"XXX\"],\n)\ndef test_glibc_version_string_confstr_fail(monkeypatch, failure):\n    monkeypatch.setattr(os, \"confstr\", failure, raising=False)\n    assert _glibc_version_string_confstr() is None\n\n\ndef test_glibc_version_string_confstr_missing(monkeypatch):\n    monkeypatch.delattr(os, \"confstr\", raising=False)\n    assert _glibc_version_string_confstr() is None\n\n\ndef test_glibc_version_string_ctypes_missing(monkeypatch):\n    monkeypatch.setitem(sys.modules, \"ctypes\", None)\n    assert _glibc_version_string_ctypes() is None\n\n\n@pytest.mark.xfail(ctypes is None, reason=\"ctypes not available\")\ndef test_glibc_version_string_ctypes_raise_oserror(monkeypatch):\n    def patched_cdll(name):\n        raise OSError(\"Dynamic loading not supported\")\n\n    monkeypatch.setattr(ctypes, \"CDLL\", patched_cdll)\n    assert _glibc_version_string_ctypes() is None\n\n\n@pytest.mark.skipif(platform.system() != \"Linux\", reason=\"requires Linux\")\ndef test_is_manylinux_compatible_old():\n    # Assuming no one is running this test with a version of glibc released in\n    # 1997.\n    assert _is_compatible(\"any\", (2, 0))\n\n\ndef test_is_manylinux_compatible(monkeypatch):\n    monkeypatch.setattr(_manylinux, \"_glibc_version_string\", lambda: \"2.4\")\n    assert _is_compatible(\"any\", (2, 4))\n\n\ndef test_glibc_version_string_none(monkeypatch):\n    monkeypatch.setattr(_manylinux, \"_glibc_version_string\", lambda: None)\n    assert not _is_compatible(\"any\", (2, 4))\n\n\n@pytest.mark.parametrize(\n    \"content\", [None, \"invalid-magic\", \"invalid-class\", \"invalid-data\", \"too-short\"]\n)\ndef test_parse_elf_bad_executable(monkeypatch, content):\n    if content:\n        path = pathlib.Path(__file__).parent / \"manylinux\" / f\"hello-world-{content}\"\n        path = os.fsdecode(path)\n    else:\n        path = None\n    with _parse_elf(path) as ef:\n        assert ef is None\n",
        "language": "python",
        "line": 1,
        "path": "tests/test_manylinux.py",
        "symbols": [
          "clear_lru_cache",
          "manylinux_module",
          "platform",
          "test_check_glibc_version_warning",
          "test_glibc_version_string",
          "test_glibc_version_string_confstr",
          "test_glibc_version_string_confstr_fail",
          "test_glibc_version_string_confstr_missing",
          "test_glibc_version_string_ctypes_missing",
          "test_glibc_version_string_ctypes_raise_oserror",
          "test_glibc_version_string_fail",
          "test_glibc_version_string_none",
          "test_is_manylinux_compatible",
          "test_is_manylinux_compatible_glibc_support",
          "test_is_manylinux_compatible_old",
          "test_module_declaration",
          "test_module_declaration_missing_attribute",
          "test_parse_elf_bad_executable",
          "version"
        ]
      },
      {
        "code": "import io\nimport pathlib\nimport struct\n\nimport pytest\n\nfrom packaging._elffile import EIClass, EIData, ELFFile, ELFInvalid, EMachine\n\nDIR_MANYLINUX = pathlib.Path(__file__, \"..\", \"manylinux\").resolve()\nDIR_MUSLLINUX = pathlib.Path(__file__, \"..\", \"musllinux\").resolve()\nBIN_MUSL_X86_64 = DIR_MUSLLINUX.joinpath(\"musl-x86_64\").read_bytes()\n\n\n@pytest.mark.parametrize(\n    \"name, capacity, encoding, machine\",\n    [\n        (\"x86_64-x32\", EIClass.C32, EIData.Lsb, EMachine.X8664),\n        (\"x86_64-i386\", EIClass.C32, EIData.Lsb, EMachine.I386),\n        (\"x86_64-amd64\", EIClass.C64, EIData.Lsb, EMachine.X8664),\n        (\"armv7l-armel\", EIClass.C32, EIData.Lsb, EMachine.Arm),\n        (\"armv7l-armhf\", EIClass.C32, EIData.Lsb, EMachine.Arm),\n        (\"s390x-s390x\", EIClass.C64, EIData.Msb, EMachine.S390),\n    ],\n)\ndef test_elffile_glibc(name, capacity, encoding, machine):\n    path = DIR_MANYLINUX.joinpath(f\"hello-world-{name}\")\n    with path.open(\"rb\") as f:\n        ef = ELFFile(f)\n        assert ef.capacity == capacity\n        assert ef.encoding == encoding\n        assert ef.machine == machine\n        assert ef.flags is not None\n\n\n@pytest.mark.parametrize(\n    \"name, capacity, encoding, machine, interpreter\",\n    [\n        (\n            \"aarch64\",\n            EIClass.C64,\n            EIData.Lsb,\n            EMachine.AArc64,\n            \"aarch64\",\n        ),\n        (\"i386\", EIClass.C32, EIData.Lsb, EMachine.I386, \"i386\"),\n        (\"x86_64\", EIClass.C64, EIData.Lsb, EMachine.X8664, \"x86_64\"),\n    ],\n)\ndef test_elffile_musl(name, capacity, encoding, machine, interpreter):\n    path = DIR_MUSLLINUX.joinpath(f\"musl-{name}\")\n    with path.open(\"rb\") as f:\n        ef = ELFFile(f)\n        assert ef.capacity == capacity\n        assert ef.encoding == encoding\n        assert ef.machine == machine\n        assert ef.interpreter == f\"/lib/ld-musl-{interpreter}.so.1\"\n\n\n@pytest.mark.parametrize(\n    \"data\",\n    [\n        # Too short for magic.\n        b\"\\0\",\n        # Enough for magic, but not ELF.\n        b\"#!/bin/bash\" + b\"\\0\" * 16,\n        # ELF, but unknown byte declaration.\n        b\"\\x7fELF\\3\" + b\"\\0\" * 16,\n    ],\n    ids=[\"no-magic\", \"wrong-magic\", \"unknown-format\"],\n)\ndef test_elffile_bad_ident(data):\n    with pytest.raises(ELFInvalid):\n        ELFFile(io.BytesIO(data))\n\n\ndef test_elffile_no_section():\n    \"\"\"Enough for magic, but not the section definitions.\"\"\"\n    data = BIN_MUSL_X86_64[:25]\n    with pytest.raises(ELFInvalid):\n        ELFFile(io.BytesIO(data))\n\n\ndef test_elffile_invalid_section():\n    \"\"\"Enough for section definitions, but not the actual sections.\"\"\"\n    data = BIN_MUSL_X86_64[:58]\n    assert ELFFile(io.BytesIO(data)).interpreter is None\n\n\ndef test_elffle_no_interpreter_section():\n    ef = ELFFile(io.BytesIO(BIN_MUSL_X86_64))\n\n    # Change all sections to *not* PT_INTERP.\n    data = BIN_MUSL_X86_64\n    for i in range(ef._e_phnum + 1):\n        sb = ef._e_phoff + ef._e_phentsize * i\n        se = sb + ef._e_phentsize\n        section = struct.unpack(ef._p_fmt, data[sb:se])\n        data = data[:sb] + struct.pack(ef._p_fmt, 0, *section[1:]) + data[se:]\n\n    assert ELFFile(io.BytesIO(data)).interpreter is None\n",
        "language": "python",
        "line": 1,
        "path": "tests/test_elffile.py",
        "symbols": [
          "EIClass",
          "EIData",
          "ELFFile",
          "ELFInvalid",
          "EMachine",
          "interpreter",
          "test_elffile_bad_ident",
          "test_elffile_glibc",
          "test_elffile_invalid_section",
          "test_elffile_musl",
          "test_elffile_no_section",
          "test_elffle_no_interpreter_section"
        ]
      },
      {
        "code": "# This file is dual licensed under the terms of the Apache License, Version\n# 2.0, and the BSD License. See the LICENSE file in the root of this repository\n# for complete details.\n\nimport pytest\n\nfrom packaging._structures import Infinity, NegativeInfinity\n\n\ndef test_infinity_repr():\n    assert repr(Infinity) == \"Infinity\"\n\n\ndef test_negative_infinity_repr():\n    assert repr(NegativeInfinity) == \"-Infinity\"\n\n\ndef test_infinity_hash():\n    assert hash(Infinity) == hash(Infinity)\n\n\ndef test_negative_infinity_hash():\n    assert hash(NegativeInfinity) == hash(NegativeInfinity)\n\n\n@pytest.mark.parametrize(\"left\", [1, \"a\", (\"b\", 4)])\ndef test_infinity_comparison(left):\n    assert left < Infinity\n    assert left <= Infinity\n    assert not left == Infinity\n    assert left != Infinity\n    assert not left > Infinity\n    assert not left >= Infinity\n\n\n@pytest.mark.parametrize(\"left\", [1, \"a\", (\"b\", 4)])\ndef test_negative_infinity_lesser(left):\n    assert not left < NegativeInfinity\n    assert not left <= NegativeInfinity\n    assert not left == NegativeInfinity\n    assert left != NegativeInfinity\n    assert left > NegativeInfinity\n    assert left >= NegativeInfinity\n\n\ndef test_infinity_equal():\n    assert Infinity == Infinity\n\n\ndef test_negative_infinity_equal():\n    assert NegativeInfinity == NegativeInfinity\n\n\ndef test_negate_infinity():\n    assert isinstance(-Infinity, NegativeInfinity.__class__)\n\n\ndef test_negate_negative_infinity():\n    assert isinstance(-NegativeInfinity, Infinity.__class__)\n",
        "language": "python",
        "line": 1,
        "path": "tests/test_structures.py",
        "symbols": [
          "Version",
          "test_infinity_comparison",
          "test_infinity_equal",
          "test_infinity_hash",
          "test_infinity_repr",
          "test_negate_infinity",
          "test_negate_negative_infinity",
          "test_negative_infinity_equal",
          "test_negative_infinity_hash",
          "test_negative_infinity_lesser",
          "test_negative_infinity_repr"
        ]
      }
    ]
  },
  "license": {
    "confidence": "low",
    "identifier": null,
    "method": "unknown"
  },
  "parity": {
    "files_compared": 0,
    "only_in_artifact": 0,
    "only_in_git": 0,
    "parity": "exact"
  },
  "paths": {
    "api_index": "/tmp/leitir-remediation-20260905/release-evidence/ci-33964007155-validation/corpus-sdist/api/github.com/pypa/packaging/85442b8032cb7bae72866dfd7782234a98dd2fb7/index.json",
    "examples_index": "/tmp/leitir-remediation-20260905/release-evidence/ci-33964007155-validation/corpus-sdist/examples/github.com/pypa/packaging/85442b8032cb7bae72866dfd7782234a98dd2fb7/index.json",
    "tree": "/tmp/leitir-remediation-20260905/release-evidence/ci-33964007155-validation/corpus-sdist/repos/github.com/pypa/packaging/85442b8032cb7bae72866dfd7782234a98dd2fb7"
  },
  "provenance": {
    "artifact_checksum": null,
    "artifact_kind": null,
    "commit_sha": "85442b8032cb7bae72866dfd7782234a98dd2fb7",
    "degraded_provenance": null,
    "fetched_at": "2026-09-05T11:59:29.354630Z",
    "host": "github.com",
    "owner": "pypa",
    "repo": "packaging",
    "repo_url": "https://github.com/pypa/packaging",
    "source": "git-commit",
    "subpath": null,
    "verified": true,
    "verified_at": "2026-09-05T11:59:29.354612Z",
    "version": null,
    "version_source": null
  },
  "routing": {
    "reason": "license-undetermined",
    "verdict": "study-only"
  },
  "schema_version": 1,
  "spec": "github:pypa/packaging@85442b8032cb7bae72866dfd7782234a98dd2fb7",
  "trust": {
    "breakdown": [
      {
        "evidence": {
          "reason": "cached release/commit and fetch timestamps are unavailable or invalid",
          "state": "unknown"
        },
        "factor": "age",
        "score": 50,
        "weight": 15
      },
      {
        "evidence": {
          "reason": "cached source mode confirms there is no registry artifact",
          "state": "absent"
        },
        "factor": "artifact_checksum",
        "score": 0,
        "weight": 15
      },
      {
        "evidence": {
          "docs_urls": false,
          "entry_points": true,
          "reason": "cached docs and entry-point presence",
          "state": "partial"
        },
        "factor": "documentation",
        "score": 60,
        "weight": 10
      },
      {
        "evidence": {
          "method": "unknown",
          "reason": "license confidence is low",
          "state": "low"
        },
        "factor": "license",
        "score": 25,
        "weight": 15
      },
      {
        "evidence": {
          "reason": "cached parity result",
          "state": "exact"
        },
        "factor": "parity",
        "score": 100,
        "weight": 15
      },
      {
        "evidence": {
          "reason": "cached Git tree tests/ presence",
          "state": "present"
        },
        "factor": "tests",
        "score": 100,
        "weight": 10
      },
      {
        "evidence": {
          "reason": "cached verification state is True",
          "state": true
        },
        "factor": "verification",
        "score": 100,
        "weight": 20
      }
    ],
    "score": 62
  }
}
